id,Name,Census Total,Census Urban,Census Rural,Census Percent Rural,urbanicity,AB_IB_Dual_Enrollment,Hispanic_any,AI_NA,Asian,Black_or_AA,NW_OPI,White,Two or more races,Full time enrollment,Part time enrollment,Total Enrollment,Total FRPL,Total EL,Total sped,n_ Standard Diploma,n_STD FRPL,n_STD LEP,n_ STD NA,n_STD Asian,n_STD Black,n_STD Latinx,n_STD White,n_Advanced,n_ADV FRPL,n_ADV LEP,n_ADV NA,n_ADV Asian,n_ADV Black,n_ADV Latinx,n_ADV White,n_ Applied,GED,Cohort (2017) size,n_NA,n_Asian,n_Black,n_Latinx,n_White,n_FRPL,n_Drop out,n_NA DO,n_Asian DO,n_Black DO,n_Latinx DO,n_White DO,census,sum,Division num,urban,mostly,rural,pct_frpl,pct_apib,pct_adv,pct_hisp,pct_ai_na,pct_asian,pct_black,pct_nwopi,pct_white,pct_2more,d_index,metric,num_sci,num_eng,num_math,num_hist
1,Accomack County,33164,0,33164,100,rural,150,1169,8,44,1900,5,2039,33,5198,1,5199,2707,1011,712,124,97,11,0,0,57,18,42,174,69,0,0,0,40,26,102,0,0,340,0,0,114,54,159,235,22,0,0,0,0,0,33164,24,2,0,0,1,0.520677053,0.028851702,0.54375,0.224850933,0.001538757,0.008463166,0.365454895,9.62e-4,0.392190806,0.006347374,0.661955942,1.846153846,1.3333333333333333,2.5,1.6666666666666667,1.6666666666666667
2,Albemarle County,99010,54411,44559,45,urban,1867,1787,18,715,1461,13,9099,835,13928,10,13938,4223,1386,1660,313,137,13,0,14,72,39,166,660,70,0,0,34,45,38,508,48,6,1037,0,48,124,85,715,316,29,0,0,0,0,18,99010,46,5,1,0,0,0.302984646,0.133950352,0.625,0.128210647,0.001291433,0.051298608,0.104821352,9.33e-4,0.65281963,0.059908165,0.540177972,3.538461538,2.6666666666666665,4.5,3,3.6666666666666665
3,Alleghany County,16250,7736,8514,52.4,mostly_rural,25,23,5,15,139,0,1923,85,2190,0,2190,939,NA,306,90,53,0,0,0,0,NA,74,73,17,0,0,0,0,0,62,21,NA,203,0,0,19,0,174,118,11,0,0,0,0,0,16250,28,6,0,1,0,0.42876712299999997,0.011415525,NA,0.010502283,0.002283105,0.006849315,0.06347032,0,0.878082192,0.038812785,0.223274327,2.153846154,2,2.5,1.6666666666666667,2.3333333333333335
4,Amelia County,12690,0,12690,100,rural,163,85,7,9,377,2,1224,88,1792,0,1792,807,61,197,78,35,0,0,0,20,0,48,68,14,0,0,0,20,0,40,11,1,154,0,0,38,0,99,78,0,0,0,0,0,0,12690,24,8,0,0,1,0.450334821,0.090959821,0.430379747,0.047433036,0.00390625,0.005022321,0.210379464,0.001116071,0.683035714,0.049107143,0.484499562,1.846153846,1.6666666666666667,2,2,1.6666666666666667
5,Amherst County,32353,11756,20597,63.7,mostly_rural,268,143,34,20,831,2,2736,289,4055,0,4055,2226,20,548,175,81,0,0,0,49,0,108,152,33,0,0,0,28,0,108,16,7,347,0,0,83,0,229,179,0,0,0,0,0,0,32353,31,5,0,1,0,0.548951911,0.066091245,0.434285714,0.035265105,0.00838471,0.004932182,0.204932182,4.93e-4,0.674722565,0.071270037,0.496334342,2.384615385,2.3333333333333335,3,2.3333333333333335,1.6666666666666667
6,Appomattox County,14973,0,14973,100,rural,87,61,0,7,535,0,1473,194,2270,0,2270,1111,NA,226,76,40,0,0,0,19,0,47,96,33,0,0,0,18,0,69,0,6,185,0,0,39,0,126,96,0,0,0,0,NA,0,14973,25,8,0,0,1,0.489427313,0.038325991,0.539325843,0.026872247,0,0.0030837,0.235682819,0,0.648898678,0.085462555,0.515348639,1.923076923,1.3333333333333333,2.5,1.6666666666666667,2
7,Arlington County,207627,207627,0,0,urban,2691,7728,79,2505,2704,24,12232,1703,26975,0,26975,8899,8145,3811,484,222,86,0,48,102,206,102,933,176,0,0,80,76,184,536,20,4,1541,0,132,195,480,650,648,101,0,0,0,84,0,207627,44,4,1,0,0,0.329898054,0.099759036,0.605058366,0.286487488,0.002928638,0.092863763,0.100240964,8.9e-4,0.453456905,0.06313253,0.689634741,3.384615385,2.6666666666666665,4,3.3333333333333335,3.3333333333333335
8,Augusta County,73750,24752,48998,66.4,mostly_rural,505,521,26,97,272,11,9055,380,10362,1,10363,4126,240,747,322,134,0,0,0,0,17,290,401,71,0,0,0,0,17,368,34,15,809,0,0,15,40,729,349,40,0,0,0,0,32,73750,27,5,0,1,0,0.398147255,0.048731062,0.493842365,0.050275017,0.002508926,0.009360224,0.026247226,0.001061469,0.873781723,0.036668918,0.231849361,2.076923077,1,3.75,1.6666666666666667,1.3333333333333333
9,Bath County,4731,0,4731,100,rural,22,12,1,2,18,0,500,22,555,0,555,291,NA,91,33,13,0,0,0,0,0,30,16,0,0,0,0,0,0,15,0,1,56,0,0,0,0,52,29,0,0,0,0,0,0,4731,18,5,0,0,1,0.524324324,0.03963964,0.32,0.021621622,0.001801802,0.003603604,0.032432432,0,0.900900901,0.03963964,0.185270676,1.384615385,1,2,1,1.3333333333333333
10,Bedford County,68676,14812,53864,78.4,mostly_rural,877,363,23,193,725,8,7946,461,9719,3,9722,4083,172,1096,300,124,0,0,0,27,0,255,403,77,0,0,10,21,13,348,17,14,782,0,12,56,23,671,292,51,0,0,0,0,44,68676,33,5,0,1,0,0.419975314,0.090207776,0.513375796,0.037337996,0.002365768,0.019851882,0.074573133,8.23e-4,0.817321539,0.047418227,0.322381365,2.538461538,2,3.75,2,2
11,Bland County,6824,0,6824,100,rural,51,8,2,0,1,0,703,16,730,0,730,353,NA,111,38,10,0,0,0,0,0,37,15,0,0,0,0,0,0,15,0,0,56,0,0,0,0,55,21,0,0,0,0,0,0,6824,15,7,0,0,1,0.483561644,0.069863014,0.283018868,0.010958904,0.002739726,0,0.001369863,0,0.963013699,0.021917808,0.071994746,1.153846154,1,1.25,1,1.3333333333333333
12,Botetourt County,33148,11901,21247,64.1,mostly_rural,363,177,5,39,103,1,4157,166,4648,0,4648,1265,85,624,104,35,0,0,0,0,0,98,238,19,0,0,0,0,0,215,11,7,372,0,0,12,0,333,95,0,0,0,0,NA,0,33148,30,6,0,1,0,0.272160069,0.078098107,0.661111111,0.038080895,0.001075731,0.008390706,0.022160069,2.15e-4,0.894363167,0.035714286,0.196826185,2.307692308,1.6666666666666667,3,2.3333333333333335,2
13,Brunswick County,17434,4270,13164,75.5,mostly_rural,37,74,3,5,1222,0,305,35,1644,0,1644,1045,51,222,96,52,0,0,0,75,0,16,29,0,0,0,0,20,0,0,0,3,140,0,0,108,0,28,138,15,0,0,13,0,0,17434,23,8,0,1,0,0.635644769,0.022506083,0.202797203,0.045012165,0.001824818,0.003041363,0.743309002,0,0.185523114,0.021289538,0.410580982,1.769230769,1.6666666666666667,2.75,1,1.3333333333333333
14,Buchanan County,24098,0,24098,100,rural,124,7,2,2,8,2,2807,8,2836,0,2836,2008,NA,469,150,107,0,0,0,0,0,148,69,39,0,0,0,0,0,69,0,3,237,0,0,0,0,235,182,11,0,0,0,0,11,24098,NA,NA,0,0,1,0.708039492,0.043723554,0.296137339,0.002468265,7.05e-4,7.05e-4,0.002820874,7.05e-4,0.98977433,0.002820874,0.020323277,NA,NA,NA,NA,NA
15,Buckingham County,17146,0,17146,100,rural,184,80,3,5,746,0,1093,162,2089,0,2089,1259,NA,282,67,43,0,0,0,31,0,32,65,32,0,0,0,24,0,34,0,0,143,0,0,57,0,73,100,0,0,0,0,0,0,17146,30,8,0,0,1,0.602680708,0.088080421,0.492424242,0.038295835,0.001436094,0.00239349,0.357108664,0,0.52321685,0.077549067,0.59122931,2.307692308,2,2.75,2,2.3333333333333335
16,Campbell County,54842,21326,33516,61.1,mostly_rural,425,295,35,99,1190,8,5815,453,7895,0,7895,3625,198,911,308,131,0,0,0,67,0,220,288,56,0,0,0,28,0,241,26,23,628,0,0,96,14,487,275,24,0,0,0,0,19,54842,27,5,0,1,0,0.459151362,0.053831539,0.430493274,0.037365421,0.004433186,0.012539582,0.150728309,0.0010133,0.736542115,0.057378087,0.429920349,2.076923077,2,2.5,1.6666666666666667,2
17,Caroline County,28545,6165,22380,78.4,mostly_rural,143,347,15,25,1167,8,2302,386,4250,0,4250,1961,116,510,153,85,0,0,0,57,0,80,122,45,0,0,0,27,0,75,0,0,314,0,0,91,16,180,252,24,0,0,0,0,16,28545,28,3,0,1,0,0.461411765,0.033647059,0.408026756,0.081647059,0.003529412,0.005882353,0.274588235,0.001882353,0.541647059,0.090823529,0.616254007,2.153846154,1.3333333333333333,2.75,2.3333333333333335,2
18,Carroll County,30042,858,29184,97.1,mostly_rural,252,275,9,12,25,0,3441,45,3807,0,3807,2223,164,653,128,67,0,0,0,0,0,119,138,49,0,0,0,0,0,131,13,6,306,0,0,0,0,284,188,16,0,0,0,0,16,30042,30,7,0,1,0,0.58392435,0.066193853,0.458471761,0.072235356,0.002364066,0.003152088,0.006566851,0,0.903861308,0.011820331,0.177618421,2.307692308,1.6666666666666667,3.5,1.6666666666666667,2
19,Charles City County,7256,0,7256,100,rural,25,6,40,0,363,7,201,33,650,0,650,392,10,100,25,11,0,0,0,17,0,0,28,0,0,0,0,19,0,0,0,0,54,0,0,37,0,10,33,0,0,0,0,0,0,7256,29,1,0,0,1,0.603076923,0.038461538,0.528301887,0.009230769,0.061538462,0,0.558461538,0.010769231,0.309230769,0.050769231,0.585931361,2.230769231,1,3.5,2.6666666666666665,1.3333333333333333
20,Charlotte County,12586,0,12586,100,rural,120,42,2,8,544,0,1177,107,1880,1,1881,1103,13,260,48,30,0,0,0,21,0,24,82,34,0,0,0,31,0,49,0,6,154,0,0,61,0,89,97,14,0,0,0,0,11,12586,22,8,0,0,1,0.586390218,0.063795853,0.546666667,0.022328549,0.001063264,0.004253057,0.289207868,0,0.625730994,0.056884636,0.521065887,1.692307692,1.6666666666666667,2,1.3333333333333333,1.6666666666666667
21,Chesterfield County,316236,297487,18749,5.9,urban,6042,9536,117,2065,15682,107,30554,2854,60915,61,60976,19666,5437,7403,1711,598,43,0,28,660,216,725,2603,324,0,0,130,578,203,1590,130,51,4902,12,168,1431,562,2543,1720,350,0,0,104,106,124,316236,35,1,1,0,0,0.322520336,0.099088166,0.537254902,0.156389399,0.001918788,0.033865783000000003,0.257183154,0.001754789,0.501082393,0.0468053,0.654971228,2.692307692,2.3333333333333335,3,2.3333333333333335,3
22,Clarke County,14034,4277,9757,69.5,mostly_rural,298,176,4,27,59,2,1559,147,1974,4,1978,484,69,233,52,15,0,0,0,0,0,41,131,13,0,0,0,0,0,109,0,0,193,0,0,0,15,156,40,0,0,0,0,0,0,14034,25,4,0,1,0,0.244691608,0.15065723,0.715846995,0.088978766,0.002022245,0.013650152,0.029828109,0.001011122,0.788169869,0.074317492,0.364266793,1.923076923,2,2,2.3333333333333335,1.3333333333333333
23,Craig County,5190,0,5190,100,rural,46,7,0,2,2,0,601,2,614,0,614,330,888,123,23,0,0,0,0,0,0,23,17,0,0,0,0,0,0,17,0,0,46,0,0,0,0,46,23,0,0,0,0,0,0,5190,17,6,0,0,1,0.537459283,0.074918567,0.425,0.011400651,0,0.003257329,0.003257329,0,0.978827362,0.003257329,0.041735191,1.307692308,1,1.75,1.3333333333333333,1
24,Culpeper County,46689,17778,28911,61.9,mostly_rural,650,1740,24,116,1205,1,4574,548,8208,2,8210,3944,29,832,242,103,0,0,0,50,38,140,301,54,0,0,0,33,29,215,19,4,619,0,0,98,94,387,286,45,0,0,0,27,13,46689,38,4,0,1,0,0.480389769,0.079171742,0.492635025,0.211936663,0.002923264,0.014129111,0.146772229,1.22e-4,0.557125457,0.066747868,0.618488519,2.923076923,2.3333333333333335,4,2.3333333333333335,2.6666666666666665
25,Cumberland County,10052,402,9650,96,mostly_rural,122,50,2,0,534,1,664,84,1335,0,1335,877,326,146,45,31,0,0,0,18,0,22,48,24,0,0,0,25,0,22,0,0,99,0,0,45,0,47,64,0,0,0,0,0,0,10052,NA,NA,0,1,0,0.656928839,0.091385768,0.516129032,0.037453184,0.001498127,0,0.4,7.49e-4,0.497378277,0.062921348,0.587250207,NA,NA,NA,NA,NA
26,Dickenson County,15903,0,15903,100,rural,105,10,2,4,19,0,2078,15,2128,0,2128,1272,86,347,113,76,0,0,0,0,0,111,38,18,0,0,0,0,0,38,0,2,171,0,0,0,0,167,128,17,0,0,0,0,16,15903,24,7,0,0,1,0.597744361,0.049342105,0.223529412,0.004699248,9.4e-4,0.001879699,0.008928571,0,0.976503759,0.007048872,0.046284502,1.846153846,1.6666666666666667,2.5,1.3333333333333333,1.6666666666666667
27,Dinwiddie County,28001,8062,19939,71.2,mostly_rural,166,273,7,10,1476,6,2332,232,4336,0,4336,2312,50,503,175,80,0,0,0,76,0,84,128,33,0,0,0,26,0,89,19,8,354,0,0,120,19,200,182,27,0,0,11,0,13,28001,13,1,0,1,0,0.533210332,0.038284133,0.358543417,0.062961255,0.001614391,0.002306273,0.340405904,0.001383764,0.537822878,0.053505535,0.58803357,1,NA,NA,NA,NA
28,Essex County,11151,2534,8617,77.3,mostly_rural,89,64,8,16,728,1,463,123,1403,0,1403,980,54451,235,47,26,0,0,0,18,0,25,36,14,0,0,0,16,0,17,0,0,100,0,0,42,0,51,70,0,0,0,0,0,0,11151,20,3,0,1,0,0.698503207,0.063435495,0.43373494,0.045616536,0.005702067,0.011404134,0.518888097,7.13e-4,0.330007128,0.08766928,0.611920592,1.538461538,1.3333333333333333,2.5,1,1
29,Fairfax County,1081699,1066647,15079,1.4,urban,17867,48732,513,36993,19015,263,72912,10134,188562,29,188591,54965,257,26602,3922,1497,319,11,461,666,1245,1344,8866,1211,76,16,2184,690,1151,4370,272,62,14110,29,2725,1497,3278,5911,4697,1015,0,53,80,783,87,1081699,61,4,1,0,0,0.291450812,0.09473941,0.627148617,0.258400454,0.002720172,0.196154642,0.100826657,0.001394552,0.38661442,0.053735332,0.732219008,4.692307692,2,7,3.3333333333333335,5.666666666666667
30,Fauquier County,65203,27714,37489,57.5,mostly_rural,2043,1755,21,194,870,15,7731,555,11141,3,11144,3147,81,1607,347,84,0,0,0,35,31,264,505,33,0,0,11,25,36,415,27,20,900,0,15,77,77,699,224,22,0,0,0,0,11,65203,30,4,0,1,0,0.282394113,0.183327351,0.548317047,0.157483848,0.001884422,0.017408471,0.078068916,0.001346016,0.69373654,0.049802584,0.48504498,2.307692308,1.6666666666666667,3,2.3333333333333335,2
31,Floyd County,15279,0,15279,100,rural,205,106,3,13,24,0,1803,82,2031,6,2037,1109,82,284,70,35,0,0,0,0,0,61,57,16,0,0,0,0,0,55,0,0,138,0,0,0,0,127,74,0,0,0,0,0,0,15279,37,6,0,0,1,0.544428081,0.100638193,0.448818898,0.05203731,0.001472754,0.006381934,0.011782032,0,0.885125184,0.040255277,0.212043325,2.846153846,2.3333333333333335,3.25,2.6666666666666665,3
32,Fluvanna County,25691,9528,16163,62.9,mostly_rural,392,200,9,13,541,4,2576,246,3589,0,3589,1290,14,413,114,49,0,0,0,27,11,67,154,27,0,0,0,16,0,117,0,1,269,0,0,43,18,187,102,0,0,0,0,0,0,25691,39,5,0,1,0,0.359431597,0.109222625,0.572490706,0.055725829,0.002507662,0.003622179,0.150738367,0.001114517,0.717748677,0.06854277,0.454290652,3,2.6666666666666665,3.5,2.6666666666666665,3
33,Franklin County,56159,6048,50111,89.2,mostly_rural,379,503,13,34,575,1,5693,451,7270,0,7270,3258,1021,1170,195,92,0,0,0,20,12,155,270,62,0,0,0,19,13,226,18,1,504,0,0,46,30,407,246,28,0,0,0,0,22,56159,28,6,0,1,0,0.448143054,0.05213205,0.52734375,0.069188446,0.001788171,0.004676754,0.07909216,1.38e-4,0.783081155,0.062035763,0.371867769,2.153846154,1.6666666666666667,2.75,2,2
34,Frederick County,78305,43246,35059,44.8,urban,643,2283,29,207,571,9,9803,623,13525,0,13525,4528,645,1722,371,130,0,0,0,26,52,279,580,73,0,0,16,24,47,477,23,6,1011,0,18,51,108,800,334,25,0,0,0,0,19,78305,25,4,1,0,0,0.334787431,0.04754159,0.577114428,0.168798521,0.002144177,0.015304991,0.042218115,6.65e-4,0.724805915,0.046062847,0.442020007,1.923076923,2,2,1.6666666666666667,2
35,Giles County,17286,5828,11458,66.3,mostly_rural,200,38,3,6,32,0,2365,40,2484,0,2484,1120,66,389,109,41,0,0,0,0,0,98,61,14,0,0,0,0,0,57,17,4,207,0,0,0,0,188,96,11,0,0,0,0,11,17286,NA,NA,0,1,0,0.450885668,0.080515298,0.301980198,0.015297907,0.001207729,0.002415459,0.012882448,0,0.952093398,0.01610306,0.092851577,NA,NA,NA,NA,NA
36,Gloucester County,36858,13038,23820,64.6,mostly_rural,332,289,15,32,370,7,4356,370,5439,0,5439,2018,73,709,214,76,0,0,0,19,0,174,172,31,0,0,0,11,0,150,20,7,446,0,0,34,14,368,181,31,0,0,0,0,22,36858,33,3,0,1,0,0.371024085,0.061040632,0.387387387,0.053134767,0.00275786,0.005883434,0.068027211,0.001287001,0.800882515,0.068027211,0.346464614,2.538461538,2,3,2.3333333333333335,2.6666666666666665
37,Goochland County,21717,653,21064,97,mostly_rural,364,191,3,30,424,1,1859,117,2625,4,2629,634,23,333,51,17,0,0,0,10,0,36,134,38,0,0,0,25,12,91,0,0,198,0,0,42,15,133,70,0,0,0,0,0,0,21717,31,1,0,1,0,0.241156333,0.138455687,0.724324324,0.072651198,0.001141118,0.011411183,0.161278052,3.8e-4,0.707112971,0.044503614,0.466590206,2.384615385,1.6666666666666667,3.5,1.6666666666666667,2.3333333333333335
38,Grayson County,15533,19,15514,99.9,mostly_rural,151,122,2,1,46,1,1395,17,1584,0,1584,1040,175,252,77,48,0,0,0,0,0,74,56,16,0,0,0,0,0,52,0,0,139,0,0,0,0,132,87,0,0,0,0,0,0,15533,NA,NA,0,1,0,0.656565657,0.095328283,0.421052632,0.077020202,0.001262626,6.31e-4,0.029040404,6.31e-4,0.880681818,0.010732323,0.217506504,NA,NA,NA,NA,NA
39,Greene County,18403,8973,9430,51.2,mostly_rural,144,298,6,59,233,2,2285,229,3112,0,3112,1294,48,405,109,44,0,0,0,0,10,85,123,24,0,0,0,10,0,93,0,0,240,0,0,19,19,186,96,0,0,0,0,0,0,18403,33,5,0,1,0,0.415809769,0.046272494,0.530172414,0.095758355,0.001928021,0.018958869,0.074871465,6.43e-4,0.734254499,0.073586118,0.440316446,2.538461538,2.6666666666666665,3.25,1.6666666666666667,2.3333333333333335
40,Greensville County,12243,1590,10653,87,mostly_rural,170,102,4,36,1691,0,491,58,2382,0,2382,1516,66,357,68,47,0,0,0,55,0,0,66,28,0,0,0,38,0,25,11,0,173,0,0,123,0,39,124,13,0,0,0,0,0,12243,NA,NA,0,1,0,0.636439966,0.071368598,0.417721519,0.042821159,0.001679261,0.01511335,0.709907641,0,0.206129303,0.024349286,0.45088408,NA,NA,NA,NA,NA
41,Halifax County,36241,8306,27935,77.1,mostly_rural,943,164,3,32,2160,0,2580,162,5101,0,5101,3740,530,968,190,123,0,0,0,98,0,86,139,49,0,0,0,46,0,88,24,5,379,0,0,175,12,189,257,21,0,0,10,0,0,36241,48,8,0,1,0,0.733189571,0.184865713,0.366754617,0.032150559,5.88e-4,0.00627328,0.423446383,0,0.50578318,0.031758479,0.562794576,3.692307692,3.3333333333333335,5.5,2.3333333333333335,3
42,Hanover County,99863,60831,39032,39.1,urban,1982,871,51,356,1666,5,14302,749,18e3,0,18e3,3731,2811,2480,457,46,0,0,0,68,12,357,1023,32,0,0,15,86,22,867,19,17,1573,0,22,163,46,1290,186,40,0,0,0,0,23,99863,39,1,1,0,0,0.207277778,0.110111111,0.657455013,0.048388889,0.002833333,0.019777778,0.092555556,2.78e-4,0.794555556,0.041611111,0.355642704,3,3.3333333333333335,3.5,2,3
43,Henrico County,306935,293832,13103,4.3,urban,4532,4980,107,5616,18539,49,20011,2323,51625,0,51625,18484,637,6242,1455,781,36,0,53,800,112,433,1983,368,0,9,220,479,101,1099,116,40,NA,NA,NA,NA,NA,NA,NA,NA,NA,NA,NA,NA,NA,306935,39,1,1,0,0,0.358043584,0.087786925,NA,0.096464891,0.002072639,0.108784504,0.359108959,9.49e-4,0.387622276,0.044997579,0.697620205,3,2.6666666666666665,3.5,2.3333333333333335,3.3333333333333335
44,Henry County,54151,21270,32881,60.7,mostly_rural,522,1049,6,24,1589,0,4271,540,7479,0,7479,4602,NA,1055,204,124,0,0,0,56,19,115,246,115,0,0,0,41,40,148,25,11,NA,NA,NA,NA,NA,NA,NA,NA,NA,NA,NA,NA,NA,54151,19,6,0,1,0,0.615322904,0.069795427,NA,0.140259393,8.02e-4,0.003208985,0.212461559,0,0.57106565,0.072202166,0.603847317,1.461538462,1,1.75,1.3333333333333333,1.6666666666666667
45,Highland County,2321,0,2321,100,rural,14,3,0,0,0,1,202,3,209,0,209,142,136,43,6,0,0,0,0,0,0,0,7,0,0,0,0,0,0,0,0,0,NA,NA,NA,NA,NA,NA,NA,NA,NA,NA,NA,NA,NA,2321,NA,NA,0,0,1,0.679425837,0.066985646,NA,0.014354067,0,0,0,0.004784689,0.966507177,0.014354067,0.065428905,NA,NA,NA,NA,NA
46,Isle of Wight County,35270,15030,20240,57.4,mostly_rural,531,194,21,72,1473,8,3433,273,5474,2,5476,1880,53,681,171,74,0,0,0,56,0,97,220,33,0,0,0,57,0,146,0,6,NA,NA,NA,NA,NA,NA,NA,NA,NA,NA,NA,NA,NA,35270,31,2,0,1,0,0.343316289,0.09696859,NA,0.035427319,0.003834916,0.013148283,0.268991965,0.00146092,0.626917458,0.049853908,0.530687598,2.384615385,1.6666666666666667,3,2.3333333333333335,2.3333333333333335
48,King George County,23584,6323,17261,73.2,mostly_rural,653,291,21,49,780,9,3011,372,4533,2,4535,1535,33,550,125,32,0,0,0,23,11,80,167,22,0,0,0,28,0,118,0,0,NA,NA,NA,NA,NA,NA,NA,NA,NA,NA,NA,NA,NA,23584,24,3,0,1,0,0.338478501,0.14399118,NA,0.064167585,0.00463065,0.010804851,0.17199559,0.001984564,0.663947078,0.082028666,0.518603487,1.846153846,1,2.75,2,1.3333333333333333
49,King and Queen County,6945,0,6945,100,rural,0,43,6,4,289,1,433,57,833,0,833,444,NA,123,12,0,0,0,0,0,0,0,7,0,0,0,0,0,0,0,0,2,NA,NA,NA,NA,NA,NA,NA,NA,NA,NA,NA,NA,NA,6945,NA,NA,0,0,1,0.533013205,0,NA,0.051620648,0.007202881,0.004801921,0.346938776,0.00120048,0.519807923,0.068427371,0.602009832,NA,NA,NA,NA,NA
50,King William County,15935,2675,13260,83.2,mostly_rural,199,59,43,15,351,1,1638,87,2194,0,2194,803,20,303,83,29,0,0,0,16,NA,63,69,14,0,0,0,0,0,58,0,0,NA,NA,NA,NA,NA,NA,NA,NA,NA,NA,NA,NA,NA,15935,25,3,0,1,0,0.365998177,0.090701914,NA,0.026891522,0.019598906,0.006836828,0.159981768,4.56e-4,0.746581586,0.039653601,0.41429514,1.923076923,2,2.25,1,2.3333333333333335
51,Lancaster County,11391,0,11391,100,rural,0,16,3,11,634,3,435,52,1154,0,1154,701,NA,149,47,33,0,0,0,34,0,12,38,15,0,0,0,18,0,17,0,1,NA,NA,NA,NA,NA,NA,NA,NA,NA,NA,NA,NA,NA,11391,20,3,0,0,1,0.60745234,0,NA,0.013864818,0.002599653,0.0095320620000000009,0.549393414,0.002599653,0.37694974,0.045060659,0.553748697,1.538461538,1.3333333333333333,2,1.3333333333333333,1.3333333333333333
52,Lee County,25587,112,25475,99.6,mostly_rural,173,43,5,9,18,0,3164,22,3261,0,3261,1964,40,513,132,46,0,0,0,0,0,130,44,12,0,0,0,0,0,43,0,3,NA,NA,NA,NA,NA,NA,NA,NA,NA,NA,NA,NA,NA,25587,22,7,0,1,0,0.602269243,0.053051211,NA,0.013186139,0.001533272,0.00275989,0.005519779,0,0.970254523,0.006746397,0.058346336,1.692307692,1.6666666666666667,2.25,1.3333333333333333,1.3333333333333333
53,Loudoun County,312311,272957,39354,12.6,urban,9085,13841,415,17106,5431,88,39415,4340,80636,329,80965,15433,144,8946,1313,430,95,0,137,176,355,577,3810,359,0,10,660,233,419,2307,89,39,NA,NA,NA,NA,NA,NA,NA,NA,NA,NA,NA,NA,NA,312311,37,4,1,0,0,0.190613228,0.112208979,NA,0.170950411,0.005125672,0.211276477,0.067078367,0.001086889,0.486815291,0.053603409,0.681748793,2.846153846,3,3.5,1.6666666666666667,3
54,Louisa County,33153,0,33153,100,mostly_rural,360,252,12,38,790,5,3432,371,4900,0,4900,2238,110,862,113,45,0,0,0,28,0,79,175,54,0,0,0,32,0,126,13,6,NA,NA,NA,NA,NA,NA,NA,NA,NA,NA,NA,NA,NA,33153,47,5,0,1,0,0.456734694,0.073469388,NA,0.051428571,0.00244898,0.007755102,0.16122449,0.001020408,0.700408163,0.075714286,0.474990337,3.615384615,3.3333333333333335,4.5,2.6666666666666665,3.6666666666666665
55,Lunenburg County,12914,0,12914,100,mostly_rural,69,155,8,3,507,2,780,73,1528,0,1528,1004,251,165,52,41,0,0,0,19,0,32,47,30,0,0,0,16,0,28,0,0,NA,NA,NA,NA,NA,NA,NA,NA,NA,NA,NA,NA,NA,12914,29,8,0,1,0,0.657068063,0.045157068,NA,0.101439791,0.005235602,0.001963351,0.331806283,0.001308901,0.510471204,0.047774869,0.616718292,2.230769231,2,3,1.3333333333333333,2.3333333333333335
56,Madison County,13308,0,13308,100,rural,170,57,0,8,141,1,1375,126,1708,61,1769,774,3823,172,46,17,0,0,0,0,0,39,66,0,0,0,0,0,0,54,0,4,NA,NA,NA,NA,NA,NA,NA,NA,NA,NA,NA,NA,NA,13308,29,4,0,0,1,0.437535331,0.096099491,NA,0.032221594,0,0.004522329,0.079706049,5.65e-4,0.777275297,0.071226682,0.383357816,2.230769231,2,2.75,1.6666666666666667,2.3333333333333335
57,Mathews County,8978,0,8978,100,rural,98,37,2,9,86,0,897,51,1082,0,1082,509,95,164,45,21,0,0,0,0,0,40,48,10,0,0,0,0,0,38,0,0,NA,NA,NA,NA,NA,NA,NA,NA,NA,NA,NA,NA,NA,8978,26,3,0,0,1,0.470425139,0.090573013,NA,0.034195933,0.001848429,0.00831793,0.07948244,0,0.829020333,0.047134935,0.302944161,2,2,2.5,1.6666666666666667,1.6666666666666667
58,Mecklenburg County,32727,7262,25465,77.8,mostly_rural,457,218,5,21,1873,2,2033,186,4338,0,4338,2708,14,525,141,93,0,0,0,75,0,60,163,66,0,0,0,0,0,94,11,1,NA,NA,NA,NA,NA,NA,NA,NA,NA,NA,NA,NA,NA,32727,27,8,0,1,0,0.624250807,0.10534808700000001,NA,0.050253573,0.001152605,0.004840941,0.431765791,4.61e-4,0.468649147,0.042876902,0.589557453,2.076923077,2.3333333333333335,2.5,2,1.3333333333333333
59,Middlesex County,10959,0,10959,100,rural,24,44,3,6,220,0,935,77,1285,0,1285,556,325,150,26,16,0,0,0,10,0,14,33,24,0,0,0,0,0,26,0,1,NA,NA,NA,NA,NA,NA,NA,NA,NA,NA,NA,NA,NA,10959,22,3,0,0,1,0.432684825,0.018677043,NA,0.034241245,0.00233463,0.004669261,0.171206226,0,0.727626459,0.059922179,0.436457781,1.692307692,2,NA,3,NA
60,Montgomery County,94392,70864,23528,24.9,urban,1376,523,15,379,419,2,8099,429,9866,69,9935,3558,54,974,245,119,0,0,0,14,0,204,382,55,0,0,14,0,14,334,27,4,NA,NA,NA,NA,NA,NA,NA,NA,NA,NA,NA,NA,NA,94392,34,6,1,0,0,0.358127831,0.138500252,NA,0.052642174,0.001509814,0.038147962,0.042174132,2.01e-4,0.815198792,0.043180674,0.327578916,2.615384615,2,3.75,1.6666666666666667,2.6666666666666665
62,Nelson County,15020,0,15020,100,rural,145,129,5,13,240,0,1409,86,1882,0,1882,1013,40,278,57,35,0,0,0,12,0,39,79,28,0,0,0,0,0,64,0,8,NA,NA,NA,NA,NA,NA,NA,NA,NA,NA,NA,NA,NA,15020,24,5,0,0,1,0.538257173,0.077045696,NA,0.068544102,0.002656748,0.006907545,0.127523911,0,0.748671626,0.045696068,0.416387252,1.846153846,1,2.5,2.3333333333333335,1.3333333333333333
63,New Kent County,18429,0,18429,100,rural,167,170,37,34,314,2,2506,181,3244,0,3244,662,1913,445,76,17,0,0,0,13,0,57,138,0,0,0,0,14,0,107,0,4,NA,NA,NA,NA,NA,NA,NA,NA,NA,NA,NA,NA,NA,18429,27,1,0,0,1,0.204069051,0.051479655,NA,0.052404439,0.011405672,0.010480888,0.096794081,6.17e-4,0.772503083,0.055795314,0.387770232,2.076923077,1.6666666666666667,2.5,1.6666666666666667,2.3333333333333335
65,Norton city,3958,3856,102,2.6,urban,92,347,4,15,722,1,515,50,1654,0,1654,1303,45,212,52,40,0,0,0,28,11,10,31,16,0,0,0,15,0,11,0,0,NA,NA,NA,NA,NA,NA,NA,NA,NA,NA,NA,NA,NA,3958,23,2,1,0,0,0.787787183,0.055622733,NA,0.209794438,0.00241838,0.009068924,0.436517533,6.05e-4,0.311366385,0.030229746,0.667487415,1.769230769,1.3333333333333333,2.5,1.3333333333333333,1.6666666666666667
66,Northampton County,12389,0,12389,100,rural,68,87,0,6,535,3,639,44,1314,0,1314,716,NA,203,71,45,0,0,0,32,0,36,39,0,0,0,0,10,0,27,0,0,NA,NA,NA,NA,NA,NA,NA,NA,NA,NA,NA,NA,NA,12389,25,3,0,0,1,0.544901065,0.051750381,NA,0.066210046,0,0.00456621,0.407153729,0.002283105,0.48630137,0.03348554,0.592205704,1.923076923,1,3,2,1.3333333333333333
67,Nottoway County,15853,7555,8298,52.3,mostly_rural,111,184,7,11,861,1,907,86,2057,0,2057,1360,198,250,66,36,0,0,0,31,0,32,74,27,0,0,0,24,0,42,NA,NA,NA,NA,NA,NA,NA,NA,NA,NA,NA,NA,NA,NA,NA,15853,24,8,0,1,0,0.661157025,0.053962081,NA,0.089450656,0.003403014,0.005347594,0.418570734,4.86e-4,0.440933398,0.041808459,0.620586498,1.846153846,2.3333333333333335,2,1,2
68,Orange County,33481,14136,19345,57.8,mostly_rural,271,365,6,40,726,22,3435,470,5064,6,5070,2170,34,547,172,62,0,0,0,36,11,114,188,34,0,0,0,32,0,136,0,5,NA,NA,NA,NA,NA,NA,NA,NA,NA,NA,NA,NA,NA,33481,36,4,0,1,0,0.42800789,0.053451677,NA,0.07199211,0.001183432,0.007889546,0.143195266,0.00433925,0.677514793,0.09270217,0.50660979,2.769230769,2.6666666666666665,3.5,3,1.6666666666666667
69,Page County,24042,4770,19272,80.2,mostly_rural,323,117,3,15,72,4,3067,83,3361,5,3366,1632,100,417,111,61,0,0,0,0,0,104,137,40,0,0,0,0,0,123,0,1,NA,NA,NA,NA,NA,NA,NA,NA,NA,NA,NA,NA,NA,24042,31,4,0,1,0,0.484848485,0.095959596,NA,0.034759358,8.91e-4,0.004456328,0.021390374,0.001188354,0.911170529,0.024658348,0.167472407,2.384615385,2,2.5,2.6666666666666665,2.3333333333333335
70,Patrick County,18490,0,18490,100,rural,163,200,3,33,198,6,2186,104,2730,1,2731,1507,186,396,98,45,0,0,0,0,0,85,84,20,0,0,0,0,0,66,16,3,NA,NA,NA,NA,NA,NA,NA,NA,NA,NA,NA,NA,NA,18490,25,6,0,0,1,0.551812523,0.059685097,NA,0.073233248,0.001098499,0.012083486,0.072500915,0.002196997,0.800439399,0.038081289,0.347075048,1.923076923,2,2.75,1.3333333333333333,1.3333333333333333
71,Pittsylvania County,63506,9126,54380,85.6,mostly_rural,910,410,6,45,2055,5,6239,238,8998,1,8999,5161,17,1083,341,193,0,0,0,99,0,229,313,112,0,0,0,70,11,227,26,2,NA,NA,NA,NA,NA,NA,NA,NA,NA,NA,NA,NA,NA,63506,28,6,0,1,0,0.573508168,0.101122347,NA,0.045560618,6.67e-4,0.005000556,0.228358707,5.56e-4,0.693299255,0.026447383,0.464387451,2.153846154,1.6666666666666667,2.75,2,2
72,Powhatan County,28046,91,27955,99.7,mostly_rural,95,157,12,23,232,6,3718,141,4289,8,4297,770,35,490,138,28,0,0,0,0,0,121,197,0,0,0,0,10,0,177,0,16,NA,NA,NA,NA,NA,NA,NA,NA,NA,NA,NA,NA,NA,28046,28,1,0,1,0,0.179194787,0.022108448,NA,0.036537119,0.002792646,0.005352572,0.053991157,0.001396323,0.865254829,0.032813591,0.245968945,2.153846154,1.6666666666666667,3,1.6666666666666667,2
73,Prince Edward County,23368,8597,14771,63.2,mostly_rural,186,74,3,27,1151,6,741,57,2059,1,2060,1308,133,288,81,51,0,0,0,59,9,19,60,32,0,0,0,33,0,24,15,1,NA,NA,NA,NA,NA,NA,NA,NA,NA,NA,NA,NA,NA,23368,NA,NA,0,1,0,0.634951456,0.090291262,NA,0.03592233,0.001456311,0.013106796,0.558737864,0.002912621,0.359708738,0.027669903,0.556183194,NA,NA,NA,NA,NA
74,Prince George County,35725,16647,19078,53.4,mostly_rural,252,743,22,62,1994,50,3036,421,6328,0,6328,2974,23646,762,205,98,0,0,0,90,19,88,221,49,0,0,0,68,16,125,15,5,NA,NA,NA,NA,NA,NA,NA,NA,NA,NA,NA,NA,NA,35725,33,1,0,1,0,0.469974716,0.039823009,NA,0.117414665,0.003476612,0.009797724,0.315107459,0.007901391,0.47977244,0.066529709,0.652142775,2.538461538,2,3,2.6666666666666665,2.3333333333333335
75,Prince William County,402002,385254,16748,4.2,urban,7376,30848,210,7793,18477,183,27705,5346,90562,33,90595,41047,43,11088,2703,1197,156,0,148,676,980,721,3107,670,0,0,340,574,579,1364,151,59,NA,NA,NA,NA,NA,NA,NA,NA,NA,NA,NA,NA,NA,402002,57,4,1,0,0,0.4530824,0.081417297,NA,0.340504443,0.002318009,0.0860202,0.203951653,0.002019979,0.305811579,0.059009879,0.738048632,4.384615385,3.6666666666666665,5,4.666666666666667,4
77,Pulaski County,34872,18516,16356,46.9,urban,381,140,12,21,239,1,3521,259,4193,0,4193,2108,17,663,169,83,0,0,0,11,0,151,140,41,0,0,0,0,0,128,36,6,NA,NA,NA,NA,NA,NA,NA,NA,NA,NA,NA,NA,NA,34872,25,7,1,0,0,0.502742666,0.090865729,NA,0.033388982,0.0028619129999999998,0.005008347,0.056999762,2.38e-4,0.839732888,0.061769616,0.286636063,1.923076923,1.3333333333333333,2.5,2,1.6666666666666667
78,Rappahannock County,7373,0,7373,100,rural,76,44,1,1,23,0,728,54,851,0,851,281,2562,109,32,11,0,0,0,0,0,30,32,0,0,0,0,0,0,29,0,3,NA,NA,NA,NA,NA,NA,NA,NA,NA,NA,NA,NA,NA,7373,22,4,0,0,1,0.330199765,0.089306698,NA,0.051703878,0.001175088,0.001175088,0.027027027,0,0.85546416,0.063454759,0.260748052,1.692307692,1,2.5,1.6666666666666667,1.3333333333333333
79,Richmond County,9254,0,9254,100,rural,189,157,1,5,348,0,754,57,1322,0,1322,709,1672,157,43,26,0,0,0,10,0,24,55,20,0,0,0,12,0,38,0,0,NA,NA,NA,NA,NA,NA,NA,NA,NA,NA,NA,NA,NA,9254,17,3,0,0,1,0.536308623,0.142965204,NA,0.118759455,7.56e-4,0.003782148,0.263237519,0,0.570347958,0.04311649,0.589431499,1.307692308,1,1.75,1,1.3333333333333333
80,Roanoke County,92376,75249,17127,18.5,urban,1972,773,13,610,1006,9,11069,675,14155,0,14155,4537,51,2209,383,123,0,0,0,28,15,315,702,88,0,0,0,33,19,583,46,11,NA,NA,NA,NA,NA,NA,NA,NA,NA,NA,NA,NA,NA,92376,30,6,1,0,0,0.320522783,0.13931473,NA,0.054609679,9.18e-4,0.043094313,0.071070293,6.36e-4,0.781985164,0.04768633,0.376333646,2.307692308,2,2.75,2,2.3333333333333335
81,Rockbridge County,22307,1865,20442,91.6,mostly_rural,289,122,8,14,94,4,2487,103,2832,0,2832,1283,1452,409,100,32,0,0,0,0,0,86,110,13,0,0,0,0,0,97,0,5,NA,NA,NA,NA,NA,NA,NA,NA,NA,NA,NA,NA,NA,22307,30,8,0,1,0,0.453036723,0.102048023,NA,0.043079096,0.002824859,0.004943503,0.03319209,0.001412429,0.878177966,0.036370056,0.224488742,2.307692308,2,3.25,1.3333333333333333,2.3333333333333335
81,Rockbridge County,22307,1865,20442,91.6,mostly_rural,289,122,8,14,94,4,2487,103,2832,0,2832,1283,1452,409,100,32,0,0,0,0,0,86,110,13,0,0,0,0,0,97,0,5,NA,NA,NA,NA,NA,NA,NA,NA,NA,NA,NA,NA,NA,22307,30,8,0,1,0,0.453036723,0.102048023,NA,0.043079096,0.002824859,0.004943503,0.03319209,0.001412429,0.878177966,0.036370056,0.224488742,2.307692308,2,2.5,2,1.6666666666666667
81,Rockbridge County,22307,1865,20442,91.6,mostly_rural,289,122,8,14,94,4,2487,103,2832,0,2832,1283,1452,409,100,32,0,0,0,0,0,86,110,13,0,0,0,0,0,97,0,5,NA,NA,NA,NA,NA,NA,NA,NA,NA,NA,NA,NA,NA,22307,30,8,0,1,0,0.453036723,0.102048023,NA,0.043079096,0.002824859,0.004943503,0.03319209,0.001412429,0.878177966,0.036370056,0.224488742,2.307692308,2,3.25,1.3333333333333333,2.3333333333333335
81,Rockbridge County,22307,1865,20442,91.6,mostly_rural,289,122,8,14,94,4,2487,103,2832,0,2832,1283,1452,409,100,32,0,0,0,0,0,86,110,13,0,0,0,0,0,97,0,5,NA,NA,NA,NA,NA,NA,NA,NA,NA,NA,NA,NA,NA,22307,30,8,0,1,0,0.453036723,0.102048023,NA,0.043079096,0.002824859,0.004943503,0.03319209,0.001412429,0.878177966,0.036370056,0.224488742,2.307692308,2,2.5,2,1.6666666666666667
81,Rockbridge County,22307,1865,20442,91.6,mostly_rural,289,122,8,14,94,4,2487,103,2832,0,2832,1283,1452,409,100,32,0,0,0,0,0,86,110,13,0,0,0,0,0,97,0,5,NA,NA,NA,NA,NA,NA,NA,NA,NA,NA,NA,NA,NA,22307,30,8,0,1,0,0.453036723,0.102048023,NA,0.043079096,0.002824859,0.004943503,0.03319209,0.001412429,0.878177966,0.036370056,0.224488742,2.307692308,2,3.25,1.3333333333333333,2.3333333333333335
81,Rockbridge County,22307,1865,20442,91.6,mostly_rural,289,122,8,14,94,4,2487,103,2832,0,2832,1283,1452,409,100,32,0,0,0,0,0,86,110,13,0,0,0,0,0,97,0,5,NA,NA,NA,NA,NA,NA,NA,NA,NA,NA,NA,NA,NA,22307,30,8,0,1,0,0.453036723,0.102048023,NA,0.043079096,0.002824859,0.004943503,0.03319209,0.001412429,0.878177966,0.036370056,0.224488742,2.307692308,2,2.5,2,1.6666666666666667
81,Rockbridge County,22307,1865,20442,91.6,mostly_rural,289,122,8,14,94,4,2487,103,2832,0,2832,1283,1452,409,100,32,0,0,0,0,0,86,110,13,0,0,0,0,0,97,0,5,NA,NA,NA,NA,NA,NA,NA,NA,NA,NA,NA,NA,NA,22307,30,8,0,1,0,0.453036723,0.102048023,NA,0.043079096,0.002824859,0.004943503,0.03319209,0.001412429,0.878177966,0.036370056,0.224488742,2.307692308,2,3.25,1.3333333333333333,2.3333333333333335
81,Rockbridge County,22307,1865,20442,91.6,mostly_rural,289,122,8,14,94,4,2487,103,2832,0,2832,1283,1452,409,100,32,0,0,0,0,0,86,110,13,0,0,0,0,0,97,0,5,NA,NA,NA,NA,NA,NA,NA,NA,NA,NA,NA,NA,NA,22307,30,8,0,1,0,0.453036723,0.102048023,NA,0.043079096,0.002824859,0.004943503,0.03319209,0.001412429,0.878177966,0.036370056,0.224488742,2.307692308,2,2.5,2,1.6666666666666667
81,Rockbridge County,22307,1865,20442,91.6,mostly_rural,289,122,8,14,94,4,2487,103,2832,0,2832,1283,1452,409,100,32,0,0,0,0,0,86,110,13,0,0,0,0,0,97,0,5,NA,NA,NA,NA,NA,NA,NA,NA,NA,NA,NA,NA,NA,22307,27,5,0,1,0,0.453036723,0.102048023,NA,0.043079096,0.002824859,0.004943503,0.03319209,0.001412429,0.878177966,0.036370056,0.224488742,2.076923077,2,3.25,1.3333333333333333,2.3333333333333335
81,Rockbridge County,22307,1865,20442,91.6,mostly_rural,289,122,8,14,94,4,2487,103,2832,0,2832,1283,1452,409,100,32,0,0,0,0,0,86,110,13,0,0,0,0,0,97,0,5,NA,NA,NA,NA,NA,NA,NA,NA,NA,NA,NA,NA,NA,22307,27,5,0,1,0,0.453036723,0.102048023,NA,0.043079096,0.002824859,0.004943503,0.03319209,0.001412429,0.878177966,0.036370056,0.224488742,2.076923077,2,2.5,2,1.6666666666666667
81,Rockbridge County,22307,1865,20442,91.6,mostly_rural,289,122,8,14,94,4,2487,103,2832,0,2832,1283,1452,409,100,32,0,0,0,0,0,86,110,13,0,0,0,0,0,97,0,5,NA,NA,NA,NA,NA,NA,NA,NA,NA,NA,NA,NA,NA,22307,27,5,0,1,0,0.453036723,0.102048023,NA,0.043079096,0.002824859,0.004943503,0.03319209,0.001412429,0.878177966,0.036370056,0.224488742,2.076923077,2,3.25,1.3333333333333333,2.3333333333333335
81,Rockbridge County,22307,1865,20442,91.6,mostly_rural,289,122,8,14,94,4,2487,103,2832,0,2832,1283,1452,409,100,32,0,0,0,0,0,86,110,13,0,0,0,0,0,97,0,5,NA,NA,NA,NA,NA,NA,NA,NA,NA,NA,NA,NA,NA,22307,27,5,0,1,0,0.453036723,0.102048023,NA,0.043079096,0.002824859,0.004943503,0.03319209,0.001412429,0.878177966,0.036370056,0.224488742,2.076923077,2,2.5,2,1.6666666666666667
81,Rockbridge County,22307,1865,20442,91.6,mostly_rural,289,122,8,14,94,4,2487,103,2832,0,2832,1283,1452,409,100,32,0,0,0,0,0,86,110,13,0,0,0,0,0,97,0,5,NA,NA,NA,NA,NA,NA,NA,NA,NA,NA,NA,NA,NA,22307,27,5,0,1,0,0.453036723,0.102048023,NA,0.043079096,0.002824859,0.004943503,0.03319209,0.001412429,0.878177966,0.036370056,0.224488742,2.076923077,2,3.25,1.3333333333333333,2.3333333333333335
81,Rockbridge County,22307,1865,20442,91.6,mostly_rural,289,122,8,14,94,4,2487,103,2832,0,2832,1283,1452,409,100,32,0,0,0,0,0,86,110,13,0,0,0,0,0,97,0,5,NA,NA,NA,NA,NA,NA,NA,NA,NA,NA,NA,NA,NA,22307,27,5,0,1,0,0.453036723,0.102048023,NA,0.043079096,0.002824859,0.004943503,0.03319209,0.001412429,0.878177966,0.036370056,0.224488742,2.076923077,2,2.5,2,1.6666666666666667
81,Rockbridge County,22307,1865,20442,91.6,mostly_rural,289,122,8,14,94,4,2487,103,2832,0,2832,1283,1452,409,100,32,0,0,0,0,0,86,110,13,0,0,0,0,0,97,0,5,NA,NA,NA,NA,NA,NA,NA,NA,NA,NA,NA,NA,NA,22307,27,5,0,1,0,0.453036723,0.102048023,NA,0.043079096,0.002824859,0.004943503,0.03319209,0.001412429,0.878177966,0.036370056,0.224488742,2.076923077,2,3.25,1.3333333333333333,2.3333333333333335
81,Rockbridge County,22307,1865,20442,91.6,mostly_rural,289,122,8,14,94,4,2487,103,2832,0,2832,1283,1452,409,100,32,0,0,0,0,0,86,110,13,0,0,0,0,0,97,0,5,NA,NA,NA,NA,NA,NA,NA,NA,NA,NA,NA,NA,NA,22307,27,5,0,1,0,0.453036723,0.102048023,NA,0.043079096,0.002824859,0.004943503,0.03319209,0.001412429,0.878177966,0.036370056,0.224488742,2.076923077,2,2.5,2,1.6666666666666667
82,Rockingham County,76314,31035,45279,59.3,mostly_rural,837,1710,46,149,236,8,9272,389,11810,12,11822,4757,NA,1159,384,140,0,0,0,12,53,308,509,86,0,0,0,0,48,429,26,2,NA,NA,NA,NA,NA,NA,NA,NA,NA,NA,NA,NA,NA,76314,26,5,0,1,0,0.402385383,0.070800203,NA,0.144645576,0.003891051,0.01260362,0.019962781,6.77e-4,0.784300457,0.032904754,0.362294766,2,2.3333333333333335,2.5,1.6666666666666667,1.3333333333333333
83,Russell County,28897,3414,25483,88.2,mostly_rural,259,36,3,5,20,1,3736,25,3826,0,3826,2405,175,533,211,137,0,0,0,0,0,208,107,34,0,0,0,0,0,105,11,5,NA,NA,NA,NA,NA,NA,NA,NA,NA,NA,NA,NA,NA,28897,NA,NA,0,1,0,0.628593832,0.06769472,NA,0.009409305,7.84e-4,0.001306848,0.005227392,2.61e-4,0.976476738,0.006534239,0.046332232,NA,NA,NA,NA,NA
84,Scott County,23177,4143,19034,82.1,mostly_rural,263,80,2,9,22,0,3386,46,3545,1,3546,2113,498,600,105,62,0,0,0,0,0,102,135,43,0,0,0,0,0,128,20,0,NA,NA,NA,NA,NA,NA,NA,NA,NA,NA,NA,NA,NA,23177,17,7,0,1,0,0.595882685,0.074168077,NA,0.022560632,5.64e-4,0.002538071,0.006204174,0,0.954878737,0.012972363,0.087484082,1.307692308,1,1.75,1.3333333333333333,1
85,Shenandoah County,41993,14032,27961,66.6,mostly_rural,521,840,16,34,182,3,4800,188,6063,0,6063,2763,54,823,220,99,0,0,0,0,28,179,212,53,0,0,0,0,24,171,21,2,NA,NA,NA,NA,NA,NA,NA,NA,NA,NA,NA,NA,NA,41993,34,4,0,1,0,0.455714993,0.085931057,NA,0.138545275,0.002638958,0.005607785,0.030018143,4.95e-4,0.791687284,0.031007752,0.352135226,2.615384615,1.6666666666666667,3.5,2.6666666666666665,2.3333333333333335
86,Smyth County,32208,7960,24248,75.3,mostly_rural,73,133,2,25,71,1,4171,28,4431,0,4431,2585,NA,635,178,90,0,0,0,0,0,166,149,36,0,0,0,0,0,144,11,0,NA,NA,NA,NA,NA,NA,NA,NA,NA,NA,NA,NA,NA,32208,26,7,0,1,0,0.583389754,0.016474836,NA,0.030015798,4.51e-4,0.005642067,0.016023471,2.26e-4,0.941322501,0.006319115,0.112682231,2,1,3,1.6666666666666667,2
87,Southampton County,18570,378,18192,98,mostly_rural,25,50,12,8,1144,8,1509,69,2800,0,2800,1534,1396,348,82,45,0,0,0,42,0,38,79,26,0,0,0,25,0,51,0,1,NA,NA,NA,NA,NA,NA,NA,NA,NA,NA,NA,NA,NA,18570,26,2,0,1,0,0.547857143,0.008928571,NA,0.017857143,0.004285714,0.002857143,0.408571429,0.002857143,0.538928571,0.024642857,0.541664541,2,1.6666666666666667,2,2,2.3333333333333335
88,Spotsylvania County,122397,82829,39568,32.3,urban,2675,3757,50,600,4371,36,13368,1612,23794,14,23808,9739,2415,2970,647,243,13,0,0,171,85,353,1034,175,0,0,33,179,104,666,44,28,NA,NA,NA,NA,NA,NA,NA,NA,NA,NA,NA,NA,NA,122397,26,3,1,0,0,0.40906418,0.112357191,NA,0.157804099,0.002100134,0.025201613,0.18359375,0.001512097,0.561491935,0.067708333,0.620891771,2,2,2.5,2,1.3333333333333333
89,Stafford County,128961,103485,25476,19.8,urban,2259,5729,90,917,5561,76,14194,2369,28936,177,29113,10202,53,3179,763,291,29,0,18,178,143,368,1444,222,0,0,52,228,210,839,40,17,NA,NA,NA,NA,NA,NA,NA,NA,NA,NA,NA,NA,NA,128961,33,3,1,0,0,0.350427644,0.077594202,NA,0.196784941,0.003091402,0.031497956,0.191014323,0.002610518,0.487548518,0.081372583,0.679455668,2.538461538,2,3,2.6666666666666665,2.3333333333333335
90,Surry County,7058,0,7058,100,rural,54,16,1,0,460,0,274,41,792,0,792,451,12,125,27,15,0,0,0,17,0,10,31,23,0,0,0,19,0,11,0,1,NA,NA,NA,NA,NA,NA,NA,NA,NA,NA,NA,NA,NA,7058,NA,NA,0,0,1,0.569444444,0.068181818,NA,0.02020202,0.001262626,0,0.580808081,0,0.345959596,0.051767677,0.539884323,NA,NA,NA,NA,NA
91,Sussex County,12087,0,12087,100,rural,40,41,0,1,797,0,225,13,1077,3,1080,481,38,175,36,16,0,0,0,27,0,0,35,29,0,0,0,25,0,0,0,0,NA,NA,NA,NA,NA,NA,NA,NA,NA,NA,NA,NA,NA,12087,25,1,0,0,1,0.44537037,0.037037037,NA,0.037962963,0,9.26e-4,0.737962963,0,0.208333333,0.012037037,0.410420953,1.923076923,1.6666666666666667,2.5,2,1.3333333333333333
92,Tazewell County,45078,21688,23390,51.9,mostly_rural,405,44,2,40,161,1,5391,159,5798,0,5798,3249,1710,838,214,127,0,0,0,0,0,201,165,46,0,0,0,0,0,157,26,15,NA,NA,NA,NA,NA,NA,NA,NA,NA,NA,NA,NA,NA,45078,18,7,0,1,0,0.560365643,0.069851673,NA,0.007588824,3.45e-4,0.006898931,0.027768196,1.72e-4,0.92980338,0.027423249,0.133837232,1.384615385,1,2,1,1.3333333333333333
93,Warren County,37575,18634,18941,50.4,mostly_rural,259,385,21,64,293,4,4266,357,5390,5,5395,2489,219,719,185,78,0,0,0,15,0,147,231,70,0,0,0,0,16,190,18,0,NA,NA,NA,NA,NA,NA,NA,NA,NA,NA,NA,NA,NA,37575,28,4,0,1,0,0.461353105,0.048007414,NA,0.071362373,0.003892493,0.011862836,0.054309546,7.41e-4,0.790732159,0.066172382,0.362165325,2.153846154,2,2.5,1.6666666666666667,2.3333333333333335
94,Washington County,54876,15543,39333,71.7,mostly_rural,611,210,10,62,84,4,6677,186,7233,14,7247,4037,16,1154,255,181,0,0,0,0,0,232,264,73,0,0,0,0,0,252,21,14,NA,NA,NA,NA,NA,NA,NA,NA,NA,NA,NA,NA,NA,54876,23,7,0,1,0,0.557058093,0.084310749,NA,0.028977508,0.001379881,0.008555264,0.011591003,5.52e-4,0.921346764,0.025665793,0.149411959,1.769230769,1,2.75,1.3333333333333333,1.6666666666666667
95,Westmoreland County,17454,3693,13761,78.8,mostly_rural,63,218,6,2,637,1,647,98,1609,1,1610,1116,1141,233,69,37,0,0,0,36,0,28,51,31,0,0,0,21,0,23,0,0,NA,NA,NA,NA,NA,NA,NA,NA,NA,NA,NA,NA,NA,17454,NA,NA,0,1,0,0.693167702,0.039130435,NA,0.135403727,0.003726708,0.001242236,0.395652174,6.21e-4,0.401863354,0.060869565,0.659910111,NA,NA,NA,NA,NA
96,Wise County,41452,17961,23491,56.7,mostly_rural,309,54,3,20,120,5,5567,59,5828,0,5828,3472,491,783,207,142,0,0,0,0,0,195,174,73,0,0,0,0,0,162,13,0,NA,NA,NA,NA,NA,NA,NA,NA,NA,NA,NA,NA,NA,41452,16,7,0,1,0,0.595744681,0.053019904,NA,0.009265614,5.15e-4,0.003431709,0.020590254,8.58e-4,0.955216198,0.010123542,0.086936942,1.230769231,1,2,1,0.6666666666666666
97,Wythe County,29235,7212,22023,75.3,mostly_rural,208,62,2,24,172,4,3805,81,4150,0,4150,2042,NA,500,162,75,0,0,0,0,0,144,131,22,0,0,0,0,0,122,0,0,NA,NA,NA,NA,NA,NA,NA,NA,NA,NA,NA,NA,NA,29235,21,7,0,1,0,0.492048193,0.050120482,NA,0.014939759,4.82e-4,0.005783133,0.041445783,9.64e-4,0.91686747,0.019518072,0.156997532,1.615384615,1,2.25,1.6666666666666667,1.3333333333333333
98,York County,65187,61471,3993,6.1,urban,1526,1277,37,726,1632,54,7631,1230,12587,234,12821,2989,NA,1405,323,67,0,0,0,51,32,205,607,37,0,0,54,63,42,394,11,2,NA,NA,NA,NA,NA,NA,NA,NA,NA,NA,NA,NA,NA,65187,24,2,1,0,0,0.233133141,0.119023477,NA,0.099602215,0.00288589,0.056625848,0.127291163,0.00421184,0.595195383,0.095936354,0.607182476,1.846153846,1,2,2.6666666666666665,1.6666666666666667
101,Alexandria city,139993,139966,0,0,urban,1285,5779,34,799,4338,26,4306,428,15710,92,15802,9818,6431,1745,385,286,64,0,19,164,157,38,307,144,0,0,27,86,72,105,43,24,874,0,52,305,328,159,627,105,0,0,20,73,0,139993,31,4,1,0,0,0.621313758,0.08131882,0.355324074,0.365713201,0.002151626,0.05056322,0.274522212,0.001645361,0.272497152,0.027085179,0.713339129,2.384615385,2,3.25,1,3
102,Bristol city,17835,17828,7,0,urban,101,79,5,21,211,4,1794,149,2263,0,2263,1325,28,347,74,47,0,0,0,0,0,63,68,20,0,0,0,0,0,60,12,2,178,0,0,0,0,155,108,0,0,0,0,0,0,17835,31,7,1,0,0,0.585505966,0.044631021,0.435897436,0.034909412,0.002209456,0.009279717,0.093239063,0.001767565,0.792752983,0.065841803,0.357201256,2.384615385,2,3.75,1.6666666666666667,1.6666666666666667
103,Buena Vista city,6650,6391,259,3.9,urban,76,18,10,0,49,1,839,31,948,0,948,484,NA,161,37,14,0,0,0,0,0,31,40,34,0,0,0,0,0,35,0,0,92,0,0,0,0,79,52,0,0,0,0,0,0,6650,17,5,1,0,0,0.510548523,0.080168776,0.519480519,0.018987342,0.010548523,0,0.051687764,0.001054852,0.885021097,0.032700422,0.212523812,1.307692308,1,2,1,1
104,Charlottesville city,43435,43475,0,0,urban,633,542,5,299,1564,1,1824,292,4527,2,4529,2517,629,587,117,81,0,0,11,59,14,27,157,35,0,0,0,26,12,104,11,8,316,0,25,105,33,139,177,19,0,0,10,0,0,43435,38,5,1,0,0,0.555751822,0.139765953,0.503205128,0.119673217,0.001103996,0.066018989,0.345330095,2.21e-4,0.402737911,0.064473394,0.695711029,2.923076923,2.3333333333333335,4,2,3
106,Colonial Heights city,17411,17411,0,0,urban,189,195,1,90,603,5,1728,211,2833,0,2833,1524,126,467,75,34,0,0,0,15,0,47,140,38,0,0,0,18,0,103,0,7,223,0,0,33,11,155,103,0,0,0,0,0,0,17411,28,1,1,0,0,0.537945641,0.066713731,0.630630631,0.068831627,3.53e-4,0.031768443,0.21284857,0.001764914,0.609954112,0.074479351,0.571354027,2.153846154,2,2.25,2.3333333333333335,2
107,Covington city,5961,5961,0,0,urban,58,47,4,6,147,0,795,52,1051,0,1051,467,NA,195,27,11,0,0,0,0,0,18,25,0,0,0,0,0,0,20,0,2,64,0,0,0,0,45,28,0,0,0,0,0,0,5961,16,6,1,0,0,0.444338725,0.055185538,0.462962963,0.044719315,0.003805899,0.005708849,0.139866794,0,0.756422455,0.049476689,0.403767514,1.230769231,1,1.25,1.6666666666666667,1
108,Danville city,43055,41111,1944,4.5,urban,406,425,10,82,4005,2,1126,178,5828,0,5828,2447,13,808,161,81,0,0,0,123,0,33,161,37,0,0,0,76,16,63,24,11,438,0,0,292,26,113,324,51,0,0,40,0,10,43055,30,6,1,0,0,0.419869595,0.069663693,0.394607843,0.072923816,0.001715854,0.014070007,0.687199725,3.43e-4,0.193205216,0.03054221,0.483976545,2.307692308,2,2.5,2.3333333333333335,2.3333333333333335
109,Falls Church city,12332,12332,0,0,urban,294,371,4,194,93,1,1720,294,2677,3,2680,165,980,369,54,12,0,0,0,0,15,30,142,0,0,0,18,0,15,93,0,0,197,0,22,0,30,125,19,0,0,0,0,0,0,12332,26,4,1,0,0,0.061567164,0.109701493,0.724489796,0.138432836,0.001492537,0.07238806,0.034701493,3.73e-4,0.641791045,0.109701493,0.550459596,2,1.6666666666666667,2.75,2,1.3333333333333333
110,Fredericksburg city,24286,24003,283,1.2,urban,10,841,8,202,1247,5,1093,221,3617,0,3617,1827,234,366,89,47,0,0,0,47,19,17,89,32,0,0,0,34,10,39,0,0,220,0,0,96,38,68,135,29,0,0,0,0,10,24286,50,3,1,0,0,0.505114736,0.002764722,0.429951691,0.232513132,0.002211778,0.055847387,0.344760852,0.001382361,0.30218413,0.061100359,0.728903362,3.846153846,4,4.5,3,3.6666666666666665
111,Galax city,7042,6076,966,13.7,urban,67,387,4,9,85,0,787,30,1302,0,1302,831,NA,154,64,36,0,0,0,0,21,34,30,10,0,0,0,0,0,21,0,5,101,0,0,0,32,55,59,0,0,0,0,0,0,7042,23,7,1,0,0,0.638248848,0.051459293,0.303030303,0.297235023,0.003072197,0.006912442,0.065284178,0,0.604454685,0.023041475,0.541435721,1.769230769,1.6666666666666667,2,2,1.3333333333333333
112,Hampton city,137467,137094,342,0.2,urban,1476,1341,65,349,11913,29,4696,1514,19907,4,19911,9770,398,2648,738,412,0,0,12,509,31,145,593,210,0,0,23,322,25,177,69,56,1511,0,34,948,59,378,981,37,0,0,27,0,0,137467,28,2,1,0,0,0.490683542,0.074129878,0.397186872,0.067349706,0.003264527,0.017528,0.598312491,0.001456481,0.23584953,0.076038371,0.575759337,2.153846154,1.6666666666666667,2.5,2,2.3333333333333335
113,Harrisonburg city,48914,48914,0,0,urban,477,2940,4,181,612,1,2311,252,6301,0,6301,4372,5060,686,149,122,50,0,0,25,77,42,215,103,0,0,0,24,72,105,21,2,413,0,12,53,179,163,311,38,0,0,0,27,NA,48914,36,5,1,0,0,0.693858118,0.075702269,0.505882353,0.466592604,6.35e-4,0.028725599,0.09712744,1.59e-4,0.36676718,0.039993652,0.635914357,2.769230769,3,2.75,2.3333333333333335,3
114,Hopewell city,22591,22591,0,0,urban,287,418,16,19,2481,4,1111,294,4343,0,4343,3543,55,617,145,92,0,0,0,89,11,38,119,56,0,0,0,53,0,46,22,0,NA,NA,NA,NA,NA,NA,NA,NA,NA,NA,NA,NA,NA,22591,34,1,1,0,0,0.815795533,0.066083353,NA,0.096246834,0.003684089,0.004374856,0.571264103,9.21e-4,0.255813953,0.067695142,0.5943369,2.615384615,2,3.75,2,2.3333333333333335
115,Lynchburg city,75568,73534,2034,2.7,urban,826,531,35,171,4149,8,2821,690,8405,33,8438,5105,13,1137,243,157,0,0,0,150,0,61,258,65,0,0,0,82,0,148,13,8,NA,NA,NA,NA,NA,NA,NA,NA,NA,NA,NA,NA,NA,75568,30,5,1,0,0,0.605001185,0.097890495,NA,0.062929604,0.004147902,0.020265466,0.491704195,9.48e-4,0.334320929,0.081772932,0.63538076,2.307692308,2,2.75,1.6666666666666667,2.6666666666666665
116,Martinsville city,13821,13821,0,0,urban,213,237,4,26,1198,0,454,97,2016,0,2016,1188,14,223,65,40,0,0,0,50,0,10,69,35,0,0,0,36,0,22,0,5,NA,NA,NA,NA,NA,NA,NA,NA,NA,NA,NA,NA,NA,13821,26,6,1,0,0,0.589285714,0.105654762,NA,0.117559524,0.001984127,0.012896825,0.594246032,0,0.225198413,0.048115079,0.579851761,2,2,2.5,1,2.3333333333333335
117,Newport News city,180966,180668,51,0,urban,2132,3781,94,710,15307,97,6831,1861,28681,3,28684,14917,1297,3435,926,448,11,0,17,600,86,191,794,286,0,0,44,370,83,275,55,5,NA,NA,NA,NA,NA,NA,NA,NA,NA,NA,NA,NA,NA,180966,27,2,1,0,0,0.520046019,0.074327151,NA,0.131815646,0.003277088,0.024752475,0.533642449,0.003381676,0.238146702,0.064879375,0.636292327,2.076923077,1.6666666666666667,2.5,1.6666666666666667,2.3333333333333335
118,Norfolk city,242803,242803,0,0,urban,2038,2903,116,719,18401,86,6638,1924,30787,0,30787,20058,214,4064,896,544,0,NA,11,608,55,156,588,212,0,0,33,249,41,213,55,85,NA,NA,NA,NA,NA,NA,NA,NA,NA,NA,NA,NA,NA,242803,30,2,1,0,0,0.651508754,0.066196771,NA,0.094293046,0.003767824,0.023354013,0.597687336,0.002793387,0.215610485,0.06249391,0.582917891,2.307692308,2,2.75,2,2.3333333333333335
119,Northumberland County,12330,0,12330,100,rural,221,16,0,6,51,0,678,47,798,0,798,496,105,117,21,11,0,0,0,0,0,19,28,0,0,0,0,0,0,24,0,0,NA,NA,NA,NA,NA,NA,NA,NA,NA,NA,NA,NA,NA,12330,13,7,0,0,1,0.621553885,0.276942356,NA,0.020050125,0,0.007518797,0.063909774,0,0.84962406,0.058897243,0.270127072,1,1,1,1,1
120,Petersburg city,32420,31737,683,2.1,urban,24,209,6,20,3823,8,103,24,4193,2,4195,2966,260,445,150,94,0,0,0,134,0,0,62,22,0,0,0,52,0,0,24,6,NA,NA,NA,NA,NA,NA,NA,NA,NA,NA,NA,NA,NA,32420,NA,NA,1,0,0,0.707032181,0.005721097,NA,0.049821216,0.001430274,0.00476758,0.911323004,0.001907032,0.024553039,0.005721097,0.166344235,NA,NA,NA,NA,NA
121,Portsmouth city,95535,95535,0,0,urban,170,485,50,125,10305,46,2818,510,14339,0,14339,9143,27,1610,499,279,0,0,0,376,13,85,323,145,0,0,0,198,0,102,52,29,NA,NA,NA,NA,NA,NA,NA,NA,NA,NA,NA,NA,NA,95535,18,2,1,0,0,0.637631634,0.011855778,NA,0.033823837,0.003486994,0.008717484,0.718669363,0.003208034,0.196526954,0.035567334,0.44238397,1.384615385,1,1.25,1.6666666666666667,1.6666666666666667
122,Radford city,16408,15927,481,2.9,urban,165,85,0,14,155,1,1222,136,1613,0,1613,791,19,213,43,22,0,0,0,0,0,34,56,0,0,0,0,0,0,50,0,0,NA,NA,NA,NA,NA,NA,NA,NA,NA,NA,NA,NA,NA,16408,23,7,1,0,0,0.490390577,0.102293862,NA,0.052696838,0,0.008679479,0.096094234,6.2e-4,0.757594544,0.084314941,0.406854721,1.769230769,2,2,1.6666666666666667,1.3333333333333333
123,Richmond city,204214,204214,0,0,urban,522,3862,35,303,17294,11,3030,480,25015,0,25015,15342,95,4138,653,486,0,0,0,578,40,30,358,168,0,0,0,266,17,68,95,13,NA,NA,NA,NA,NA,NA,NA,NA,NA,NA,NA,NA,NA,204214,35,1,1,0,0,0.613312013,0.02086748,NA,0.154387368,0.001399161,0.012112732,0.691345193,4.4e-4,0.121127324,0.019188487,0.483017469,2.692307692,3,NA,NA,3.3333333333333335
124,Roanoke city,97032,97026,6,0,urban,510,1680,33,406,6188,8,4965,508,13788,0,13788,8429,453,2126,439,283,28,0,14,235,36,129,282,103,0,0,0,86,29,148,57,1,NA,NA,NA,NA,NA,NA,NA,NA,NA,NA,NA,NA,NA,97032,26,6,1,0,0,0.611328692,0.036988686,NA,0.121845083,0.002393386,0.029445895,0.448796055,5.8e-4,0.360095735,0.036843632,0.65183636,2,1.6666666666666667,2.25,2,2
126,Staunton city,23746,22869,877,3.7,urban,182,149,5,29,424,1,1777,316,2701,0,2701,1265,85,381,67,32,0,0,0,13,0,46,81,24,0,0,0,11,0,60,11,0,NA,NA,NA,NA,NA,NA,NA,NA,NA,NA,NA,NA,NA,23746,33,5,1,0,0,0.468345057,0.067382451,NA,0.055164754,0.001851166,0.010736764,0.156978897,3.7e-4,0.65790448,0.116993706,0.525669802,2.538461538,2,3.25,2,2.6666666666666665
127,Suffolk city,84585,66287,18298,21.6,urban,392,807,31,227,7899,25,4597,773,14359,0,14359,6997,NA,1720,479,170,0,0,0,304,12,142,395,93,0,0,0,198,20,150,34,35,NA,NA,NA,NA,NA,NA,NA,NA,NA,NA,NA,NA,NA,84585,33,2,1,0,0,0.487290201,0.027299951,NA,0.056201685,0.002158925,0.0158089,0.550107946,0.001741068,0.320147643,0.053833832,0.58857241,2.538461538,2.3333333333333335,2.75,2.3333333333333335,2.6666666666666665
128,Virginia Beach city,437994,431273,6721,1.5,urban,7534,7819,158,4164,16400,348,33647,6450,68986,0,68986,28590,171,7886,1793,784,12,0,75,612,188,765,2947,639,0,0,242,521,279,1686,177,86,NA,NA,NA,NA,NA,NA,NA,NA,NA,NA,NA,NA,NA,437994,33,2,1,0,0,0.414431914,0.109210564,NA,0.113341837,0.00229032,0.060360073,0.237729394,0.005044502,0.487736642,0.093497231,0.680335568,2.538461538,1.6666666666666667,3.75,2.6666666666666665,1.6666666666666667
130,Waynesboro city,21006,20475,531,2.5,urban,95,472,5,35,509,2,1718,345,3086,4,3090,1687,122,316,100,46,0,0,0,18,15,64,90,32,0,0,0,13,0,66,0,5,NA,NA,NA,NA,NA,NA,NA,NA,NA,NA,NA,NA,NA,21006,30,5,1,0,0,0.545954693,0.030744337,NA,0.152750809,0.001618123,0.011326861,0.164724919,6.47e-4,0.555987055,0.111650485,0.62781412,2.307692308,1.3333333333333333,3.5,2,2
131,Williamsburg city,14067,14068,0,0,urban,1359,1385,43,323,2025,22,6985,884,11667,186,11853,4094,27,1670,330,134,0,0,0,101,25,168,548,68,0,0,18,56,36,406,24,29,NA,NA,NA,NA,NA,NA,NA,NA,NA,NA,NA,NA,NA,14067,28,2,1,0,0,0.34539779,0.114654518,NA,0.116848055,0.003627774,0.027250485,0.170842825,0.00185607,0.589302286,0.074580275,0.603560664,2.153846154,2,2.75,2,1.6666666666666667
132,Winchester city,26203,26203,0,0,urban,543,1600,35,93,501,3,1761,392,4385,0,4385,2900,12,609,140,78,0,0,0,23,48,57,134,38,0,0,0,0,28,86,15,4,NA,NA,NA,NA,NA,NA,NA,NA,NA,NA,NA,NA,NA,26203,28,4,1,0,0,0.661345496,0.123831243,NA,0.364880274,0.007981756,0.021208666,0.114253136,6.84e-4,0.401596351,0.089395667,0.684023408,2.153846154,2,2,2.3333333333333335,2.3333333333333335
135,Franklin city,8582,8303,279,3.3,urban,53,19,3,8,937,1,118,33,1119,0,1119,736,206,131,NA,NA,0,0,0,38,0,0,31,13,0,0,0,22,0,0,0,1,76,0,0,64,0,0,66,0,0,0,0,0,0,8582,19,2,1,0,0,0.657730116,0.047363718,NA,0.016979446,0.002680965,0.00714924,0.837354781,8.94e-4,0.105451296,0.029490617,0.286499899,1.461538462,1,2.25,1,1.3333333333333333
136,Chesapeake city,222209,205261,16948,7.6,urban,2873,3705,117,1126,13315,74,19311,2998,40646,10,40656,14626,1337,6755,1048,468,0,0,10,484,66,433,1815,334,0,0,61,473,135,1023,120,46,3164,0,73,1099,215,1579,1240,129,0,0,58,12,51,222209,32,2,1,0,0,0.359750098,0.070666076,0.574730842,0.09113046,0.002877804,0.027695789,0.327503935,0.00182015,0.474985242,0.073740653,0.652609096,2.461538462,2.3333333333333335,2.75,2,2.6666666666666665
137,Lexington city,7042,7042,0,0,urban,0,40,0,21,48,0,396,10,515,0,515,89,12753,54,NA,NA,NA,NA,NA,NA,NA,NA,NA,NA,NA,NA,NA,NA,NA,NA,NA,NA,NA,NA,NA,NA,NA,NA,NA,NA,NA,NA,NA,NA,NA,7042,NA,NA,1,0,0,0.172815534,0,NA,0.077669903,0,0.040776699,0.093203883,0,0.768932039,0.019417476,0.391984164,NA,NA,NA,NA,NA
139,Salem city,24802,24802,0,0,urban,558,207,4,84,496,3,2970,189,3953,0,3953,1428,10,558,68,28,0,0,0,0,0,55,177,28,0,0,0,10,0,146,0,2,NA,NA,NA,NA,NA,NA,NA,NA,NA,NA,NA,NA,NA,24802,23,6,1,0,0,0.361244624,0.141158614,NA,0.052365292,0.00101189,0.021249684,0.125474323,7.59e-4,0.751328105,0.047811789,0.414281033,1.769230769,1.3333333333333333,2.5,1.6666666666666667,1.3333333333333333
142,Poquoson city,12150,11360,790,6.5,urban,169,61,10,41,15,9,1926,43,2105,24,2129,420,121,246,46,11,0,0,0,0,0,40,133,14,0,0,0,0,0,118,0,1,NA,NA,NA,NA,NA,NA,NA,NA,NA,NA,NA,NA,NA,12150,25,2,1,0,0,0.197275716,0.079379991,NA,0.028651949,0.004697041,0.019257868,0.007045561,0.004227337,0.90465007,0.020197276,0.179918948,1.923076923,1.6666666666666667,2.75,2,1
143,Manassas city,37821,37821,0,0,urban,517,5024,31,281,840,11,1245,388,7820,0,7820,4833,1804,943,230,101,31,0,10,28,125,50,225,67,0,0,16,23,97,72,12,11,NA,NA,NA,NA,NA,NA,NA,NA,NA,NA,NA,NA,NA,37821,36,4,1,0,0,0.618030691,0.066112532,NA,0.642455243,0.003964194,0.035933504,0.10741688,0.00140665,0.159207161,0.049616368,0.54659526,2.769230769,2,3,2.6666666666666665,3.3333333333333335
144,Manassas Park city,14273,14273,0,0,urban,298,2306,6,219,360,2,631,199,3723,0,3723,2272,195,435,97,59,20,0,0,0,64,20,121,48,0,0,13,11,56,38,0,1,NA,NA,NA,NA,NA,NA,NA,NA,NA,NA,NA,NA,NA,14273,27,4,1,0,0,0.610260543,0.080042976,NA,0.619392963,0.001611604,0.058823529,0.096696213,5.37e-4,0.169486973,0.053451518,0.571956208,2.076923077,1,3.5,1.6666666666666667,1.6666666666666667
202,Colonial Beach,NA,NA,NA,NA,NA,68,20,4,6,135,2,405,68,640,0,640,329,NA,97,24,20,0,0,0,0,0,0,27,20,0,0,0,0,0,17,0,0,50,0,0,11,0,25,42,0,0,0,0,0,0,NA,NA,NA,NA,NA,NA,0.5140625,0.10625,0.529411765,0.03125,0.00625,0.009375,0.2109375,0.003125,0.6328125,0.10625,0.542651367,NA,NA,NA,NA,NA
207,Westpoint,NA,NA,NA,NA,NA,210,43,7,18,87,0,582,75,812,0,812,273,701,70,24,16,0,0,0,0,0,20,49,0,0,0,0,0,0,43,0,0,NA,NA,NA,NA,NA,NA,NA,NA,NA,NA,NA,NA,NA,NA,20,3,NA,NA,NA,0.336206897,0.25862069,NA,0.052955665,0.00862069,0.022167488,0.107142857,0,0.716748768,0.092364532,0.462890388,1.538461538,1,2,1.6666666666666667,1.3333333333333333
218,Virginia School for the Deaf and Blind-Staunton,NA,NA,NA,NA,NA,NA,14,0,7,29,0,34,2,86,0,86,55,78,86,NA,NA,NA,NA,NA,NA,NA,NA,NA,NA,NA,NA,NA,NA,NA,NA,NA,NA,NA,NA,NA,NA,NA,NA,NA,NA,NA,NA,NA,NA,NA,NA,NA,NA,NA,NA,NA,0.639534884,NA,NA,0.162790698,0,0.081395349,0.337209302,0,0.395348837,0.023255814,0.696322336,NA,NA,NA,NA,NA
917,Dept of juvenile justice,NA,NA,NA,NA,NA,NA,18,0,0,101,0,18,0,137,0,137,137,NA,74,NA,NA,NA,NA,NA,NA,NA,NA,NA,NA,NA,NA,NA,NA,NA,NA,NA,NA,NA,NA,NA,NA,NA,NA,NA,NA,NA,NA,NA,NA,NA,NA,NA,NA,NA,NA,NA,1,NA,NA,0.131386861,0,0,0.737226277,0,0.131386861,0,0.421972401,NA,NA,NA,NA,NA
NA,Fairfax City,22565,22565,0,0,urban,NA,NA,NA,NA,NA,NA,NA,NA,NA,NA,NA,NA,NA,NA,42,28,0,0,0,38,0,0,NA,NA,NA,NA,NA,NA,NA,NA,NA,NA,NA,NA,NA,NA,NA,NA,NA,NA,NA,NA,NA,NA,NA,22565,NA,NA,1,0,0,NA,NA,NA,NA,NA,NA,NA,NA,NA,NA,NA,NA,NA,NA,NA,NA
