id,Name,division,d_index,metric,urban,mostly,rural,Expenditure_per_pupil,census,pct_frpl,pct_apib,pct_adv,pct_hisp,pct_ai_na,pct_asian,pct_black,pct_nwopi,pct_white,pct_2more,pct_rural,n_Advanced,n_ADV FRPL,n_ADV LEP,n_ADV NA,n_ADV Asian,n_ADV Black,n_ADV Latinx,n_ADV White,pct_nonwhite_adv
1,Accomack County,2,0.661955942301923,1.6153846153846154,0,0,1,11844,33164,0.5206770532794768,0.028851702250432775,0.54375,0.2248509328717061,0.0015387574533564147,0.008463165993460281,0.36545489517214846,9.617234083477592e-4,0.3921908059242162,0.006347374495095211,100,174,69,0,0,0,40,26,102,41.379310344827594
2,Albemarle County,5,0.5401779720168203,2.923076923076923,1,0,0,14644,99010,0.30298464629071603,0.13395035155689483,0.625,0.12821064715167169,0.0012914334911752045,0.05129860812168174,0.10482135170038744,9.327019658487588e-4,0.6528196297890658,0.05990816472951643,45,660,70,0,0,34,45,38,508,23.030303030303035
3,Alleghany County,6,0.22327432705740086,1.3076923076923077,0,1,0,11952,16250,0.42876712328767125,0.01141552511415525,NA,0.010502283105022832,0.00228310502283105,0.00684931506849315,0.06347031963470319,0,0.8780821917808219,0.03881278538812785,52.4,73,17,0,0,0,0,0,62,15.068493150684937
4,Amelia County,8,0.4844995615433673,1.8461538461538463,0,0,1,10081,12690,0.45033482142857145,0.09095982142857142,0.43037974683544306,0.04743303571428571,0.00390625,0.005022321428571429,0.21037946428571427,0.0011160714285714285,0.6830357142857143,0.049107142857142856,100,68,14,0,0,0,20,0,40,41.17647058823529
5,Amherst County,5,0.496334342373134,1.9230769230769231,0,1,0,11369,32353,0.5489519112207152,0.06609124537607891,0.4342857142857143,0.03526510480887793,0.008384710234278668,0.004932182490752158,0.20493218249075215,4.932182490752158e-4,0.6747225647348952,0.07127003699136868,63.7,152,33,0,0,0,28,0,108,28.947368421052634
6,Appomattox County,8,0.515348638630674,1.8461538461538463,0,0,1,10122,14973,0.4894273127753304,0.03832599118942731,0.5393258426966292,0.026872246696035242,0,0.0030837004405286344,0.2356828193832599,0,0.6488986784140969,0.08546255506607929,100,96,33,0,0,0,18,0,69,28.125
7,Arlington County,4,0.6896347405734724,3.076923076923077,1,0,0,20460,207627,0.3298980537534754,0.09975903614457832,0.6050583657587548,0.2864874884151993,0.002928637627432808,0.09286376274328081,0.10024096385542168,8.897126969416126e-4,0.4534569045412419,0.06313253012048192,0,933,176,0,0,80,76,184,536,42.550911039657024
8,Augusta County,5,0.23184936082019472,1.6153846153846154,0,1,0,10989,73750,0.39814725465598766,0.048731062433658205,0.4938423645320197,0.05027501688700183,0.002508925986683393,0.009360223873395735,0.026247225706841647,0.0010614686866737431,0.8737817234391585,0.03666891826691113,66.4,401,71,0,0,0,0,17,368,8.22942643391521
9,Bath County,5,0.18527067608148676,1.2307692307692308,0,0,1,19704,4731,0.5243243243243243,0.03963963963963964,0.32,0.021621621621621623,0.0018018018018018018,0.0036036036036036037,0.032432432432432434,0,0.9009009009009009,0.03963963963963964,100,16,0,0,0,0,0,0,15,6.25
10,Bedford County,5,0.3223813646613036,1.7692307692307692,0,1,0,10722,68676,0.41997531372145647,0.0902077761777412,0.513375796178344,0.03733799629705822,0.0023657683604196666,0.019851882328738944,0.07457313310018515,8.228759514503189e-4,0.8173215387780293,0.04741822670232462,78.4,403,77,0,0,10,21,13,348,13.64764267990074
11,Bland County,7,0.07199474573090635,1,0,0,1,11364,6824,0.48356164383561645,0.06986301369863014,0.2830188679245283,0.010958904109589041,0.0027397260273972603,0,0.0013698630136986301,0,0.963013698630137,0.021917808219178082,100,15,0,0,0,0,0,0,15,0
12,Botetourt County,6,0.19682618474883068,2,0,1,0,11521,33148,0.2721600688468158,0.07809810671256455,0.6611111111111111,0.03808089500860585,0.0010757314974182443,0.008390705679862307,0.022160068846815834,2.151462994836489e-4,0.8943631669535284,0.03571428571428571,64.1,238,19,0,0,0,0,0,215,9.663865546218487
13,Brunswick County,8,0.41058098164230605,1.3076923076923077,0,1,0,13846,17434,0.6356447688564477,0.022506082725060828,0.20279720279720279,0.045012165450121655,0.0018248175182481751,0.0030413625304136255,0.7433090024330901,0,0.18552311435523114,0.021289537712895375,75.5,29,0,0,0,0,20,0,0,100
14,Buchanan County,NA,0.02032327659091955,NA,0,0,1,11421,24098,0.7080394922425952,0.04372355430183357,0.296137339055794,0.002468265162200282,7.052186177715092e-4,7.052186177715092e-4,0.0028208744710860366,7.052186177715092e-4,0.9897743300423131,0.0028208744710860366,100,69,39,0,0,0,0,0,69,0
15,Buckingham County,8,0.5912293096048254,2.1538461538461537,0,0,1,11336,17146,0.6026807084729535,0.0880804212541886,0.49242424242424243,0.03829583532790809,0.0014360938247965534,0.0023934897079942556,0.3571086644327429,0,0.5232168501675443,0.07754906653901389,100,65,32,0,0,0,24,0,34,47.692307692307686
16,Campbell County,5,0.42992034865462253,1.7692307692307692,0,1,0,10176,54842,0.4591513616212793,0.05383153894870171,0.4304932735426009,0.037365421152628246,0.004433185560481318,0.01253958201393287,0.15072830905636478,0.001013299556681444,0.7365421152628245,0.05737808739708676,61.1,288,56,0,0,0,28,0,241,16.319444444444443
17,Caroline County,3,0.6162540069204153,1.7692307692307692,0,1,0,10557,28545,0.46141176470588235,0.03364705882352941,0.4080267558528428,0.0816470588235294,0.0035294117647058825,0.0058823529411764705,0.27458823529411763,0.0018823529411764706,0.5416470588235294,0.0908235294117647,78.4,122,45,0,0,0,27,0,75,38.52459016393443
18,Carroll County,7,0.1776184208247578,1.9230769230769231,0,1,0,11601,30042,0.5839243498817966,0.06619385342789598,0.4584717607973422,0.07223535592329919,0.002364066193853428,0.0031520882584712374,0.006566850538481744,0,0.9038613081166272,0.01182033096926714,97.1,138,49,0,0,0,0,0,131,5.072463768115942
19,Charles City County,1,0.5859313609467457,1.6923076923076923,0,0,1,15901,7256,0.6030769230769231,0.038461538461538464,0.5283018867924528,0.009230769230769232,0.06153846153846154,0,0.5584615384615385,0.010769230769230769,0.30923076923076925,0.05076923076923077,100,28,0,0,0,0,19,0,0,100
20,Charlotte County,8,0.5210658870526242,1.4615384615384615,0,0,1,12788,12586,0.5863902179691654,0.06379585326953748,0.5466666666666666,0.022328548644338118,0.001063264221158958,0.004253056884635832,0.2892078681552366,0,0.6257309941520468,0.05688463583200425,100,82,34,0,0,0,31,0,49,40.243902439024396
21,Chesterfield County,1,0.6549712280280134,2.5384615384615383,1,0,0,10218,316236,0.3225203358698504,0.09908816583573865,0.5372549019607843,0.15638939910784572,0.0019187877197585936,0.03386578325898714,0.2571831540278142,0.0017547887693518762,0.5010823930726843,0.04680530044607715,5.9,2603,324,0,0,130,578,203,1590,38.91663465232425
22,Clarke County,4,0.3642667931677164,1.7692307692307692,0,1,0,12034,14034,0.24469160768452983,0.1506572295247725,0.7158469945355191,0.08897876643073811,0.0020222446916076846,0.013650151668351871,0.029828109201213347,0.0010111223458038423,0.7881698685540951,0.0743174924165824,69.5,131,13,0,0,0,0,0,109,16.793893129770986
23,Craig County,6,0.04173519082430595,1,0,0,1,11718,5190,0.5374592833876222,0.0749185667752443,0.425,0.011400651465798045,0,0.003257328990228013,0.003257328990228013,0,0.9788273615635179,0.003257328990228013,100,17,0,0,0,0,0,0,17,0
24,Culpeper County,4,0.6184885192443783,2.1538461538461537,0,1,0,10472,46689,0.48038976857490867,0.07917174177831912,0.49263502454991814,0.21193666260657734,0.00292326431181486,0.01412911084043849,0.14677222898903775,1.218026796589525e-4,0.5571254567600488,0.06674786845310597,61.9,301,54,0,0,0,33,29,215,28.57142857142857
25,Cumberland County,NA,0.587250206904291,NA,0,1,0,11513,10052,0.6569288389513108,0.09138576779026217,0.5161290322580645,0.03745318352059925,0.00149812734082397,0,0.4,7.49063670411985e-4,0.49737827715355803,0.06292134831460675,96,48,24,0,0,0,25,0,22,54.16666666666667
26,Dickenson County,7,0.046284502374357044,1.6923076923076923,0,0,1,11362,15903,0.5977443609022557,0.049342105263157895,0.2235294117647059,0.004699248120300752,9.398496240601503e-4,0.0018796992481203006,0.008928571428571428,0,0.9765037593984962,0.007048872180451127,100,38,18,0,0,0,0,0,38,0
27,Dinwiddie County,1,0.5880335703149469,1,0,1,0,10835,28001,0.533210332103321,0.038284132841328415,0.3585434173669468,0.06296125461254612,0.0016143911439114391,0.0023062730627306273,0.3404059040590406,0.0013837638376383763,0.5378228782287823,0.05350553505535055,71.2,128,33,0,0,0,26,0,89,30.46875
28,Essex County,3,0.6119205917062968,1.4615384615384615,0,1,0,13359,11151,0.6985032074126871,0.06343549536707056,0.43373493975903615,0.045616535994297935,0.005702066999287242,0.011404133998574484,0.518888096935139,7.127583749109052e-4,0.3300071275837491,0.08766928011404133,77.3,36,14,0,0,0,16,0,17,52.77777777777778
29,Fairfax County,4,0.732219007915059,2.8461538461538463,1,0,0,15357,1081699,0.2914508115445594,0.09473940962188016,0.6271486171040532,0.25840045389228544,0.002720172224549422,0.19615464152584164,0.10082665662730458,0.0013945522320789434,0.3866144195640301,0.05373533201478332,1.4,8866,1211,76,16,2184,690,1151,4370,50.710579742837815
30,Fauquier County,4,0.4850449802468398,2,0,1,0,12891,65203,0.2823941134242642,0.18332735104091888,0.5483170466883822,0.15748384781048097,0.0018844221105527637,0.017408470926058867,0.0780689160086145,0.0013460157932519742,0.6937365398420675,0.049802584350323045,57.5,505,33,0,0,11,25,36,415,17.821782178217827
31,Floyd County,6,0.21204332514172636,2.5384615384615383,0,0,1,11046,15279,0.5444280805105547,0.10063819342169858,0.44881889763779526,0.052037309769268535,0.0014727540500736377,0.006381934216985763,0.011782032400589101,0,0.8851251840942562,0.04025527736867943,100,57,16,0,0,0,0,0,55,3.508771929824561
32,Fluvanna County,5,0.4542906520426605,2.5384615384615383,0,1,0,10925,25691,0.3594315965449986,0.10922262468654222,0.5724907063197026,0.05572582892170521,0.0025076623014767345,0.003622178879910839,0.1507383672332126,0.0011145165784341043,0.7177486765115632,0.06854276957369741,62.9,154,27,0,0,0,16,0,117,24.02597402597403
33,Franklin County,6,0.3718677688452289,1.8461538461538463,0,1,0,11656,56159,0.4481430536451169,0.052132049518569465,0.52734375,0.06918844566712518,0.0017881705639614855,0.004676753782668501,0.07909215955983494,1.375515818431912e-4,0.7830811554332875,0.06203576341127923,89.2,270,62,0,0,0,19,13,226,16.296296296296298
34,Frederick County,4,0.44202000676504455,2,1,0,0,12411,78305,0.3347874306839187,0.047541589648798524,0.5771144278606966,0.16879852125693162,0.002144177449168207,0.015304990757855822,0.0422181146025878,6.654343807763402e-4,0.7248059149722735,0.04606284658040666,44.8,580,73,0,0,16,24,47,477,17.758620689655167
35,Giles County,NA,0.0928515769848123,NA,0,1,0,10610,17286,0.45088566827697263,0.08051529790660225,0.30198019801980197,0.015297906602254429,0.0012077294685990338,0.0024154589371980675,0.01288244766505636,0,0.9520933977455717,0.01610305958132045,66.3,61,14,0,0,0,0,0,57,6.5573770491803245
36,Gloucester County,3,0.3464646135830439,2.076923076923077,0,1,0,10975,36858,0.3710240853097996,0.061040632469203895,0.38738738738738737,0.053134767420481704,0.0027578599007170436,0.0058834344548630265,0.06802721088435375,0.001287001287001287,0.8008825151682295,0.06802721088435375,64.6,172,31,0,0,0,11,0,150,12.790697674418606
37,Goochland County,1,0.4665902062910965,1.9230769230769231,0,1,0,12076,21717,0.24115633320654242,0.13845568657284138,0.7243243243243244,0.07265119817421073,0.0011411182959300114,0.011411182959300114,0.16127805249144161,3.803727653100038e-4,0.7071129707112971,0.04450361354127044,97,134,38,0,0,0,25,12,91,32.08955223880597
38,Grayson County,NA,0.21750650443832245,NA,0,1,0,12896,15533,0.6565656565656566,0.09532828282828283,0.42105263157894735,0.07702020202020202,0.0012626262626262627,6.313131313131314e-4,0.02904040404040404,6.313131313131314e-4,0.8806818181818182,0.010732323232323232,99.9,56,16,0,0,0,0,0,52,7.14285714285714
39,Greene County,5,0.440316446494538,2,0,1,0,11593,18403,0.4158097686375321,0.04627249357326478,0.5301724137931034,0.09575835475578406,0.0019280205655526992,0.018958868894601542,0.07487146529562982,6.426735218508997e-4,0.734254498714653,0.07358611825192803,51.2,123,24,0,0,0,10,0,93,24.390243902439025
40,Greensville County,NA,0.4508840795188657,NA,0,1,0,11796,12243,0.6364399664147775,0.07136859781696053,0.4177215189873418,0.042821158690176324,0.0016792611251049538,0.015113350125944584,0.7099076406381192,0,0.20612930310663308,0.02434928631402183,87,66,28,0,0,0,38,0,25,62.121212121212125
41,Halifax County,8,0.5627945764139177,2.923076923076923,0,1,0,11442,36241,0.7331895706724172,0.1848657126053715,0.36675461741424803,0.03215055871397765,5.88119976475201e-4,0.00627327974906881,0.42344638306214466,0,0.5057831797686728,0.03175847872966085,77.1,139,49,0,0,0,46,0,88,36.69064748201439
42,Hanover County,1,0.3556427037037037,2.6153846153846154,1,0,0,10586,99863,0.20727777777777778,0.11011111111111112,0.6574550128534704,0.04838888888888889,0.0028333333333333335,0.019777777777777776,0.09255555555555556,2.777777777777778e-4,0.7945555555555556,0.04161111111111111,39.1,1023,32,0,0,15,86,22,867,15.249266862170085
43,Henrico County,1,0.6976202045623764,2.6153846153846154,1,0,0,10051,306935,0.35804358353510896,0.08778692493946731,NA,0.09646489104116222,0.002072639225181598,0.10878450363196127,0.3591089588377724,9.491525423728814e-4,0.3876222760290557,0.04499757869249395,4.3,1983,368,0,9,220,479,101,1099,44.578920827029755
44,Henry County,6,0.6038473174815946,1.0769230769230769,0,1,0,10466,54151,0.6153229041315684,0.06979542719614922,NA,0.1402593929669742,8.022462896109105e-4,0.003208985158443642,0.21246155903195615,0,0.5710656504880331,0.07220216606498195,60.7,246,115,0,0,0,41,40,148,39.83739837398373
45,Highland County,NA,0.0654289050159108,NA,0,0,1,20490,2321,0.6794258373205742,0.06698564593301436,NA,0.014354066985645933,0,0,0,0.004784688995215311,0.9665071770334929,0.014354066985645933,100,7,0,0,0,0,0,0,0,100
46,Isle of Wight County,2,0.5306875983440058,2.230769230769231,0,1,0,10545,35270,0.34331628926223523,0.09696859021183346,NA,0.035427319211102995,0.003834915997078159,0.013148283418553688,0.2689919649379109,0.0014609203798392988,0.626917457998539,0.04985390796201607,57.4,220,33,0,0,0,57,0,146,33.63636363636363
48,King George County,3,0.518603487027882,1.6923076923076923,0,1,0,10045,23584,0.33847850055126794,0.1439911797133407,NA,0.06416758544652701,0.004630650496141125,0.010804851157662623,0.17199558985667035,0.001984564498346196,0.6639470782800441,0.08202866593164278,73.2,167,22,0,0,0,28,0,118,29.34131736526946
49,King and Queen County,NA,0.602009831543662,NA,0,0,1,13065,6945,0.5330132052821128,0,NA,0.05162064825930372,0.007202881152460984,0.004801920768307323,0.3469387755102041,0.0012004801920768306,0.5198079231692677,0.06842737094837935,100,7,0,0,0,0,0,0,0,100
50,King William County,3,0.41429513989009553,1.6923076923076923,0,1,0,11620,15935,0.3659981768459435,0.09070191431175935,NA,0.026891522333637192,0.01959890610756609,0.0068368277119416595,0.15998176845943482,4.5578851412944393e-4,0.7465815861440291,0.03965360072926162,83.2,69,14,0,0,0,0,0,58,15.94202898550725
51,Lancaster County,3,0.5537486971696668,1.3846153846153846,0,0,1,14040,11391,0.6074523396880416,0,NA,0.01386481802426343,0.0025996533795493936,0.009532062391681109,0.5493934142114385,0.0025996533795493936,0.37694974003466203,0.045060658578856154,100,38,15,0,0,0,18,0,17,55.263157894736835
52,Lee County,7,0.0583463362886316,1.5384615384615385,0,1,0,12281,25587,0.6022692425636308,0.05305121128488194,NA,0.013186139221097824,0.0015332720024532351,0.0027598896044158236,0.005519779208831647,0,0.9702545231524072,0.006746396810794235,99.6,44,12,0,0,0,0,0,43,2.2727272727272707
53,Loudoun County,4,0.6817487934028842,2.923076923076923,1,0,0,14551,312311,0.1906132279379979,0.11220897918853825,NA,0.17095041067127772,0.005125671586487988,0.21127647749027356,0.06707836719570184,0.0010868893966528748,0.4868152905576484,0.05360340888038041,12.6,3810,359,0,10,660,233,419,2307,39.44881889763779
54,Louisa County,5,0.47499033735943375,2.8461538461538463,0,1,0,12325,33153,0.456734693877551,0.07346938775510205,NA,0.05142857142857143,0.0024489795918367346,0.007755102040816327,0.16122448979591836,0.0010204081632653062,0.7004081632653061,0.07571428571428572,100,175,54,0,0,0,32,0,126,28.000000000000004
55,Lunenburg County,8,0.6167182917134947,1.8461538461538463,0,1,0,10701,12914,0.6570680628272252,0.045157068062827224,NA,0.10143979057591623,0.005235602094240838,0.001963350785340314,0.3318062827225131,0.0013089005235602095,0.5104712041884817,0.047774869109947646,100,47,30,0,0,0,16,0,28,40.42553191489362
56,Madison County,4,0.38335781649991824,1.9230769230769231,0,0,1,12307,13308,0.4375353306953081,0.09609949123798757,NA,0.0322215941209723,0,0.0045223289994347085,0.07970604861503675,5.652911249293386e-4,0.7772752967778406,0.07122668174109667,100,66,0,0,0,0,0,0,54,18.181818181818176
57,Mathews County,3,0.3029441610490603,1.7692307692307692,0,0,1,12857,8978,0.4704251386321627,0.09057301293900184,NA,0.034195933456561925,0.0018484288354898336,0.00831792975970425,0.07948243992606285,0,0.8290203327171903,0.04713493530499076,100,48,10,0,0,0,0,0,38,20.833333333333336
58,Mecklenburg County,8,0.5895574528632959,1.8461538461538463,0,1,0,11204,32727,0.6242508068234209,0.1053480866758875,NA,0.05025357307514984,0.001152604887044721,0.004840940525587829,0.43176579068695253,4.610419548178884e-4,0.4686491470723836,0.042876901798063624,77.8,163,66,0,0,0,0,0,94,42.331288343558285
59,Middlesex County,3,0.43645778134415364,1.7692307692307692,0,0,1,11495,10959,0.43268482490272375,0.01867704280155642,NA,0.034241245136186774,0.0023346303501945525,0.004669260700389105,0.17120622568093385,0,0.7276264591439688,0.05992217898832685,100,33,24,0,0,0,0,0,26,21.212121212121215
60,Montgomery County,6,0.32757891569484493,2.5384615384615383,1,0,0,11204,94392,0.35812783090085554,0.1385002516356316,NA,0.052642174131857074,0.001509813789632612,0.038147961751384,0.04217413185707096,2.0130850528434828e-4,0.8151987921489683,0.043180674383492705,24.9,382,55,0,0,14,0,14,334,12.565445026178013
62,Nelson County,5,0.41638725167451374,1.5384615384615385,0,0,1,14366,15020,0.5382571732199788,0.07704569606801276,NA,0.06854410201912858,0.002656748140276302,0.006907545164718385,0.1275239107332625,0,0.7486716259298618,0.04569606801275239,100,79,28,0,0,0,0,0,64,18.9873417721519
63,New Kent County,1,0.38777023236296226,1.8461538461538463,0,0,1,9966,18429,0.20406905055487054,0.05147965474722565,NA,0.05240443896424168,0.011405672009864365,0.010480887792848335,0.0967940813810111,6.165228113440197e-4,0.7725030826140568,0.05579531442663378,100,138,0,0,0,0,14,0,107,22.463768115942027
65,Norton city,2,0.6674874146292963,1.5384615384615385,1,0,0,12445,3958,0.7877871825876662,0.05562273276904474,NA,0.2097944377267231,0.0024183796856106408,0.009068923821039904,0.4365175332527207,6.045949214026602e-4,0.31136638452237003,0.030229746070133012,2.6,31,16,0,0,0,15,0,11,64.51612903225806
66,Northampton County,3,0.5922057041716766,1.6153846153846154,0,0,1,13452,12389,0.5449010654490106,0.0517503805175038,NA,0.06621004566210045,0,0.0045662100456621,0.4071537290715373,0.00228310502283105,0.4863013698630137,0.0334855403348554,100,39,0,0,0,0,10,0,27,30.76923076923077
67,Nottoway County,8,0.6205864982183747,1.8461538461538463,0,1,0,11349,15853,0.6611570247933884,0.05396208070004861,NA,0.08945065629557608,0.003403014098201264,0.0053475935828877,0.41857073407875545,4.861448711716091e-4,0.4409333981526495,0.041808458920758386,52.3,74,27,0,0,0,24,0,42,43.24324324324324
68,Orange County,4,0.506609790351256,2.3846153846153846,0,1,0,10750,33481,0.4280078895463511,0.053451676528599605,NA,0.07199211045364892,0.001183431952662722,0.007889546351084813,0.14319526627218934,0.004339250493096647,0.6775147928994083,0.09270216962524655,57.8,188,34,0,0,0,32,0,136,27.6595744680851
69,Page County,4,0.16747240677721967,2.076923076923077,0,1,0,10494,24042,0.48484848484848486,0.09595959595959595,NA,0.034759358288770054,8.9126559714795e-4,0.004456327985739751,0.0213903743315508,0.0011883541295306002,0.9111705288175876,0.024658348187759953,80.2,137,40,0,0,0,0,0,123,10.21897810218978
70,Patrick County,6,0.3470750477216107,1.7692307692307692,0,0,1,10593,18490,0.55181252288539,0.05968509703405346,NA,0.07323324789454412,0.0010984987184181618,0.012083485902599781,0.07250091541559868,0.0021969974368363236,0.8004393994873673,0.03808128890516294,100,84,20,0,0,0,0,0,66,21.42857142857143
71,Pittsylvania County,6,0.46438745073735577,1.7692307692307692,0,1,0,10133,63506,0.5735081675741749,0.10112234692743638,NA,0.045560617846427384,6.66740748972108e-4,0.00500055561729081,0.22835870652294699,5.5561729081009e-4,0.6932992554728303,0.026447383042560283,85.6,313,112,0,0,0,70,11,227,27.47603833865815
72,Powhatan County,1,0.24596894456729793,1.8461538461538463,0,1,0,11032,28046,0.17919478706074005,0.02210844775424715,NA,0.036537118920176866,0.0027926460321154294,0.005352571561554573,0.053991156620898303,0.0013963230160577147,0.8652548289504305,0.032813590877356295,99.7,197,0,0,0,0,10,0,177,10.152284263959388
73,Prince Edward County,8,0.5561831935149402,2,0,1,0,12282,23368,0.6349514563106796,0.09029126213592233,NA,0.035922330097087375,0.0014563106796116505,0.013106796116504855,0.5587378640776699,0.002912621359223301,0.35970873786407764,0.02766990291262136,63.2,60,32,0,0,0,33,0,24,60
74,Prince George County,1,0.6521427752321071,2.3076923076923075,0,1,0,10645,35725,0.4699747155499368,0.03982300884955752,NA,0.11741466498103666,0.00347661188369153,0.009797724399494312,0.31510745891276865,0.007901390644753476,0.4797724399494311,0.06652970922882427,53.4,221,49,0,0,0,68,16,125,43.43891402714932
75,Prince William County,4,0.7380486317131699,4.538461538461538,1,0,0,11652,402002,0.45308239969093217,0.08141729676030686,NA,0.3405044428500469,0.0023180087201280426,0.0860201997902754,0.2039516529609802,0.002019979027540151,0.30581157900546385,0.05900987913240245,4.2,3107,670,0,0,340,574,579,1364,56.09913099452848
77,Pulaski County,7,0.2866360632284998,1.6923076923076923,1,0,0,11261,34872,0.5027426663486764,0.09086572859527785,NA,0.0333889816360601,0.0028619127116622945,0.005008347245409015,0.05699976150727403,2.3849272597185786e-4,0.8397328881469115,0.06176961602671119,46.9,140,41,0,0,0,0,0,128,8.571428571428575
78,Rappahannock County,4,0.26074805199109075,1.4615384615384615,0,0,1,14406,7373,0.3301997649823737,0.08930669800235018,NA,0.05170387779083431,0.0011750881316098707,0.0011750881316098707,0.02702702702702703,0,0.8554641598119859,0.06345475910693302,100,32,0,0,0,0,0,0,29,9.375
79,Richmond County,3,0.5894314990581822,1,0,0,1,11097,9254,0.5363086232980333,0.14296520423600606,NA,0.11875945537065052,7.564296520423601e-4,0.0037821482602118004,0.2632375189107413,0,0.5703479576399395,0.04311649016641452,100,55,20,0,0,0,12,0,38,30.909090909090907
80,Roanoke County,6,0.37633364572307815,2.076923076923077,1,0,0,10878,92376,0.32052278346873897,0.13931472977746379,NA,0.05460967855881314,9.184033910279053e-4,0.0430943129636171,0.07107029318262098,6.358177322500883e-4,0.7819851642529142,0.047686329918756626,18.5,702,88,0,0,0,33,19,583,16.951566951566953
81,Rockbridge County,5,0.22448874245906347,2.230769230769231,0,1,0,12205,22307,0.4530367231638418,0.10204802259887005,NA,0.04307909604519774,0.002824858757062147,0.0049435028248587575,0.033192090395480225,0.0014124293785310734,0.878177966101695,0.03637005649717514,91.6,110,13,0,0,0,0,0,97,11.818181818181817
82,Rockingham County,5,0.36229476592119364,1.5384615384615385,0,1,0,11893,76314,0.40238538318389444,0.0708002030113348,NA,0.1446455760446625,0.0038910505836575876,0.012603620368803924,0.019962781255286752,6.767044493317544e-4,0.7843004567755033,0.03290475384875655,59.3,509,86,0,0,0,0,48,429,15.717092337917482
83,Russell County,7,0.046332232019672175,1.3846153846153846,0,1,0,10849,28897,0.6285938316779927,0.06769472033455305,NA,0.009409304756926294,7.841087297438578e-4,0.0013068478829064297,0.005227391531625719,2.6136957658128593e-4,0.9764767381076843,0.006534239414532148,88.2,107,34,0,0,0,0,0,105,1.869158878504673
84,Scott County,7,0.08748408238002563,1.3846153846153846,0,1,0,10508,23177,0.595882684715172,0.07416807670614778,NA,0.022560631697687534,5.640157924421884e-4,0.0025380710659898475,0.006204173716864072,0,0.954878736604625,0.012972363226170333,82.1,135,43,0,0,0,0,0,128,5.185185185185182
85,Shenandoah County,4,0.35213522622938,2.1538461538461537,0,1,0,11108,41993,0.45571499257793174,0.08593105723239321,NA,0.13854527461652646,0.002638957611743361,0.005607784924954643,0.030018142833580737,4.948045522018803e-4,0.7916872835230084,0.031007751937984496,66.6,212,53,0,0,0,0,24,171,19.339622641509436
86,Smyth County,7,0.11268223138704797,1.6153846153846154,0,1,0,10859,32208,0.5833897540058678,0.01647483638004965,NA,0.030015797788309637,4.513653802753329e-4,0.005642067253441661,0.016023470999774317,2.2568269013766644e-4,0.9413225005642067,0.00631911532385466,75.3,149,36,0,0,0,0,0,144,3.3557046979865723
87,Southampton County,2,0.5416645408163264,2,0,1,0,11005,18570,0.5478571428571428,0.008928571428571428,NA,0.017857142857142856,0.004285714285714286,0.002857142857142857,0.4085714285714286,0.002857142857142857,0.5389285714285714,0.024642857142857143,98,79,26,0,0,0,25,0,51,35.44303797468354
88,Spotsylvania County,3,0.6208917708434952,2.076923076923077,1,0,0,10908,122397,0.4090641801075269,0.11235719086021505,NA,0.1578040994623656,0.0021001344086021504,0.025201612903225805,0.18359375,0.0015120967741935483,0.561491935483871,0.06770833333333333,32.3,1034,175,0,0,33,179,104,666,35.58994197292069
89,Stafford County,3,0.6794556677575451,2.3076923076923075,1,0,0,10245,128961,0.35042764400783155,0.07759420190292997,NA,0.19678494143509773,0.0030914024662521897,0.031497956239480644,0.19101432349809364,0.002610517638168516,0.487548517844262,0.08137258269501597,19.8,1444,222,0,0,52,228,210,839,41.897506925207765
90,Surry County,NA,0.5398843230282625,NA,0,0,1,20799,7058,0.5694444444444444,0.06818181818181818,NA,0.020202020202020204,0.0012626262626262627,0,0.5808080808080808,0,0.34595959595959597,0.05176767676767677,100,31,23,0,0,0,19,0,11,64.51612903225806
91,Sussex County,1,0.4104209533607682,1.5384615384615385,0,0,1,17380,12087,0.44537037037037036,0.037037037037037035,NA,0.03796296296296296,0,9.25925925925926e-4,0.7379629629629629,0,0.20833333333333334,0.012037037037037037,100,35,29,0,0,0,25,0,0,100
92,Tazewell County,7,0.13383723211760418,1.1538461538461537,0,1,0,10060,45078,0.5603656433252846,0.06985167299068644,NA,0.0075888237323214905,3.4494653328734045e-4,0.006898930665746809,0.027768195929630906,1.7247326664367022e-4,0.9298033804760262,0.027423249396343566,51.9,165,46,0,0,0,0,0,157,4.848484848484846
93,Warren County,4,0.36216532487689407,2.076923076923077,0,1,0,10625,37575,0.4613531047265987,0.04800741427247451,NA,0.07136237256719184,0.003892493049119555,0.011862835959221501,0.05430954587581094,7.414272474513438e-4,0.7907321594068581,0.06617238183503243,50.4,231,70,0,0,0,0,16,190,17.748917748917748
94,Washington County,7,0.14941195863006465,1.6153846153846154,0,1,0,10347,54876,0.5570580930040017,0.0843107492755623,NA,0.028977507934317647,0.0013798813302056023,0.008555264247274734,0.01159100317372706,5.519525320822409e-4,0.9213467641782807,0.025665792741824203,71.7,264,73,0,0,0,0,0,252,4.545454545454541
95,Westmoreland County,NA,0.6599101114926123,NA,0,1,0,15291,17454,0.6931677018633541,0.0391304347826087,NA,0.13540372670807455,0.0037267080745341614,0.0012422360248447205,0.39565217391304347,6.211180124223603e-4,0.4018633540372671,0.06086956521739131,78.8,51,31,0,0,0,21,0,23,54.90196078431373
96,Wise County,7,0.08693694181734084,1.1538461538461537,0,1,0,9832,41452,0.5957446808510638,0.05301990391214825,NA,0.009265614275909403,5.147563486616335e-4,0.0034317089910775567,0.02059025394646534,8.579272477693892e-4,0.9552161976664378,0.010123541523678793,56.7,174,73,0,0,0,0,0,162,6.896551724137934
97,Wythe County,7,0.1569975322978662,1.3076923076923077,0,1,0,10647,29235,0.49204819277108436,0.05012048192771084,NA,0.014939759036144579,4.8192771084337347e-4,0.005783132530120482,0.04144578313253012,9.638554216867469e-4,0.9168674698795181,0.019518072289156627,75.3,131,22,0,0,0,0,0,122,6.870229007633588
98,York County,2,0.6071824763990223,1.5384615384615385,1,0,0,10766,65187,0.23313314094064425,0.1190234771078699,NA,0.099602215115825593,0.0028858903361672255,0.05662584821776773,0.12729116293580844,0.004211839950081897,0.5951953825754621,0.0959363544185321,6.1,607,37,0,0,54,63,42,394,35.09060955518946
101,Alexandria city,4,0.7133391288002857,2,1,0,0,17818,139993,0.6213137577521832,0.0813188204024807,0.35532407407407407,0.36571320086065057,0.0021516263764080495,0.05056321984558917,0.27452221237818,0.0016453613466649792,0.2724971522592077,0.027085179091254272,0,307,144,0,0,27,86,72,105,65.79804560260587
102,Bristol city,7,0.35720125619755955,2.076923076923077,1,0,0,11277,17835,0.585505965532479,0.044631020768890854,0.4358974358974359,0.034909412284577994,0.002209456473707468,0.009279717189571365,0.09323906319045515,0.0017675651789659744,0.7927529827662395,0.06584180291648255,0,68,20,0,0,0,0,0,60,11.764705882352944
103,Buena Vista city,5,0.21252381206715443,1.2307692307692308,1,0,0,10327,6650,0.510548523206751,0.08016877637130802,0.5194805194805194,0.0189873417721519,0.010548523206751054,0,0.05168776371308017,0.0010548523206751054,0.8850210970464135,0.03270042194092827,3.9,40,34,0,0,0,0,0,35,12.5
104,Charlottesville city,5,0.6957110285712531,2.4615384615384617,1,0,0,17079,43435,0.5557518215941709,0.1397659527489512,0.5032051282051282,0.11967321704570545,0.001103996467211305,0.06601898873923603,0.34533009494369615,2.2079929344226098e-4,0.402737911238684,0.06447339368514021,0,157,35,0,0,0,26,12,104,33.75796178343949
106,Colonial Heights city,1,0.5713540269495379,1.9230769230769231,1,0,0,13548,17411,0.5379456406636075,0.06671373102717967,0.6306306306306306,0.06883162725026473,3.5298270384751147e-4,0.03176844334627603,0.21284857042004943,0.0017649135192375574,0.6099541122484998,0.07447935051182492,0,140,38,0,0,0,18,0,103,26.428571428571423
107,Covington city,6,0.4037675142426994,1.1538461538461537,1,0,0,11418,5961,0.44433872502378685,0.05518553758325404,0.46296296296296297,0.04471931493815414,0.003805899143672693,0.005708848715509039,0.13986679352997144,0,0.7564224548049476,0.049476688867745006,0,25,0,0,0,0,0,0,20,19.999999999999996
108,Danville city,6,0.4839765451993997,2.8461538461538463,1,0,0,12374,43055,0.41986959505833904,0.0696636925188744,0.3946078431372549,0.07292381606039808,0.0017158544955387784,0.014070006863417982,0.6871997254632807,3.4317089910775565e-4,0.19320521619766645,0.030542210020590255,4.5,161,37,0,0,0,76,16,63,60.86956521739131
109,Falls Church city,4,0.5504595956783248,1.7692307692307692,1,0,0,19087,12332,0.061567164179104475,0.10970149253731343,0.7244897959183674,0.13843283582089552,0.0014925373134328358,0.07238805970149254,0.03470149253731343,3.7313432835820896e-4,0.6417910447761194,0.10970149253731343,0,142,0,0,0,18,0,15,93,34.50704225352113
110,Fredericksburg city,3,0.7289033622980721,2.6923076923076925,1,0,0,13775,24286,0.5051147359690351,0.002764722145424385,0.42995169082125606,0.23251313243019076,0.002211777716339508,0.05584738733757257,0.34476085153442076,0.0013823610727121925,0.30218413049488524,0.0611003594138789,1.2,89,32,0,0,0,34,10,39,56.17977528089888
111,Galax city,7,0.5414357210105686,1.6153846153846154,1,0,0,11547,7042,0.6382488479262672,0.05145929339477726,0.30303030303030304,0.29723502304147464,0.0030721966205837174,0.0069124423963133645,0.065284178187404,0,0.6044546850998463,0.02304147465437788,13.7,30,10,0,0,0,0,0,21,30.000000000000004
112,Hampton city,2,0.5757593366216694,1.7692307692307692,1,0,0,11411,137467,0.49068354176083573,0.07412987795690824,0.3971868720696584,0.06734970619255688,0.0032645271457988046,0.017527999598212045,0.5983124905830948,0.0014564813419717744,0.23584953041032594,0.07603837074983677,0.2,593,210,0,0,23,322,25,177,70.15177065767286
113,Harrisonburg city,5,0.6359143573490312,2.4615384615384617,1,0,0,12827,48914,0.6938581177590859,0.07570226948103476,0.5058823529411764,0.4665926043485161,6.348198698619266e-4,0.028725599111252182,0.09712744008887478,1.5870496746548166e-4,0.36676717981272816,0.03999365180130138,0,215,103,0,0,0,24,72,105,51.162790697674424
114,Hopewell city,1,0.5943369002360295,1.9230769230769231,1,0,0,11476,22591,0.8157955330416763,0.06608335252129864,NA,0.09624683398572416,0.0036840893391664746,0.004374856090260189,0.5712641031545015,9.210223347916187e-4,0.2558139534883721,0.06769514160718397,0,119,56,0,0,0,53,0,46,61.34453781512605
115,Lynchburg city,5,0.6353807601039125,2.230769230769231,1,0,0,12969,75568,0.6050011851149562,0.09789049537805167,NA,0.06292960417160465,0.004147902346527613,0.020265465750177767,0.49170419530694476,9.480919649205973e-4,0.3343209291301256,0.08177293197440151,2.7,258,65,0,0,0,82,0,148,42.63565891472868
116,Martinsville city,6,0.5798517613063744,1.7692307692307692,1,0,0,12884,13821,0.5892857142857143,0.1056547619047619,NA,0.11755952380952381,0.001984126984126984,0.012896825396825396,0.5942460317460317,0,0.2251984126984127,0.04811507936507937,0,69,35,0,0,0,36,0,22,68.11594202898551
117,Newport News city,2,0.6362923271891789,1.7692307692307692,1,0,0,11947,180966,0.5200460186863757,0.07432715102496165,NA,0.13181564635336773,0.0032770882722075022,0.024752475247524754,0.5336424487519175,0.003381676195788593,0.2381467019941431,0.06487937526146981,0,794,286,0,0,44,370,83,275,65.36523929471032
118,Norfolk city,2,0.5829178910166158,2,1,0,0,11853,242803,0.6515087536947413,0.06619677136453699,NA,0.09429304576607009,0.00376782408159288,0.02335401305745932,0.597687335563712,0.002793386819111963,0.2156104849449443,0.062493909767109494,0,588,212,0,0,33,249,41,213,63.775510204081634
119,Northumberland County,7,0.27012707206613024,0.9230769230769231,0,0,1,9219,12330,0.6215538847117794,0.2769423558897243,NA,0.020050125313283207,0,0.007518796992481203,0.06390977443609022,0,0.849624060150376,0.05889724310776942,100,28,0,0,0,0,0,0,24,14.28571428571429
120,Petersburg city,NA,0.16634423465133172,NA,1,0,0,12443,32420,0.7070321811680572,0.0057210965435041715,NA,0.0498212157330155,0.0014302741358760429,0.004767580452920143,0.9113230035756853,0.0019070321811680572,0.024553039332538735,0.0057210965435041715,2.1,62,22,0,0,0,52,0,0,100
121,Portsmouth city,2,0.4423839701388262,1.1538461538461537,1,0,0,11912,95535,0.6376316340051608,0.011855777948253016,NA,0.03382383708766302,0.003486993514192064,0.008717483785480158,0.7186693632749843,0.0032080340330566987,0.1965269544598647,0.03556733384475905,0,323,145,0,0,0,198,0,102,68.42105263157895
122,Radford city,7,0.40685472076883056,1.6153846153846154,1,0,0,10652,16408,0.4903905765654061,0.10229386236825791,NA,0.05269683818970862,0,0.008679479231246125,0.09609423434593925,6.199628022318661e-4,0.7575945443273404,0.08431494110353378,2.9,56,0,0,0,0,0,0,50,10.71428571428571
123,Richmond city,1,0.48301746915073024,2.6923076923076925,1,0,0,14497,204214,0.6133120127923246,0.020867479512292623,NA,0.15438736757945232,0.0013991605036977814,0.012112732360583649,0.6913451928842694,4.3973615830501697e-4,0.1211273236058365,0.019188486907855285,0,358,168,0,0,0,266,17,68,81.00558659217877
124,Roanoke city,6,0.6518363596822672,1.7692307692307692,1,0,0,13356,97032,0.6113286916158979,0.03698868581375109,NA,0.12184508268059181,0.002393385552654482,0.02944589498114302,0.44879605454017985,5.802146794313896e-4,0.36009573542210616,0.03684363214389324,0,282,103,0,0,0,86,29,148,47.5177304964539
126,Staunton city,5,0.5256698021123171,2.076923076923077,1,0,0,11478,23746,0.4683450573861533,0.06738245094409478,NA,0.05516475379489078,0.0018511662347278786,0.010736764161421697,0.1569788967049241,3.7023324694557573e-4,0.6579044798222881,0.11699370603480193,3.7,81,24,0,0,0,11,0,60,25.92592592592593
127,Suffolk city,2,0.5885724098734452,2.3846153846153846,1,0,0,10767,84585,0.4872902012674977,0.027299951250087055,NA,0.05620168535413329,0.0021589247162058637,0.01580890034124939,0.5501079462358103,0.001741068319520858,0.3201476425934954,0.05383383243958493,21.6,395,93,0,0,0,198,20,150,62.0253164556962
128,Virginia Beach city,2,0.6803355675216721,2.1538461538461537,1,0,0,12022,437994,0.4144319137216247,0.10921056446235468,NA,0.11334183747427014,0.002290319775026817,0.06036007305830168,0.23772939436987214,0.005044501782970457,0.4877366422172615,0.09349723132229727,1.5,2947,639,0,0,242,521,279,1686,42.78927723108246
130,Waynesboro city,5,0.6278141200867189,2.076923076923077,1,0,0,11881,21006,0.5459546925566343,0.030744336569579287,NA,0.15275080906148866,0.0016181229773462784,0.011326860841423949,0.16472491909385115,6.472491909385113e-4,0.5559870550161812,0.11165048543689321,2.5,90,32,0,0,0,13,0,66,26.66666666666667
131,Williamsburg city,2,0.6035606644569861,1.7692307692307692,1,0,0,11831,14067,0.34539778958913353,0.11465451784358391,NA,0.11684805534463849,0.0036277735594364294,0.02725048510925504,0.17084282460136674,0.0018560701932000337,0.5893022863410107,0.0745802750358559,0,548,68,0,0,18,56,36,406,25.912408759124084
132,Winchester city,4,0.6840234082969179,1.7692307692307692,1,0,0,13638,26203,0.661345496009122,0.12383124287343215,NA,0.36488027366020526,0.00798175598631699,0.02120866590649943,0.11425313568985176,6.841505131128849e-4,0.4015963511972634,0.08939566704675028,0,134,38,0,0,0,0,28,86,35.820895522388064
135,Franklin city,2,0.28649989897465244,1.5384615384615385,1,0,0,13902,8582,0.6577301161751564,0.04736371760500447,NA,0.016979445933869526,0.002680965147453083,0.0071492403932082215,0.837354781054513,8.936550491510277e-4,0.10545129579982127,0.029490616621983913,3.3,31,13,0,0,0,22,0,0,100
136,Chesapeake city,2,0.6526090959116613,2.1538461538461537,1,0,0,11616,222209,0.35975009838646205,0.07066607634789453,0.5747308423052565,0.09113046044864227,0.0028778040141676504,0.02769578905942542,0.3275039354584809,0.0018201495474222747,0.4749852420306966,0.07374065328610784,7.6,1815,334,0,0,61,473,135,1023,43.63636363636364
137,Lexington city,NA,0.3919841643887266,NA,1,0,0,10339,7042,0.17281553398058253,0,NA,0.07766990291262135,0,0.040776699029126215,0.09320388349514563,0,0.7689320388349514,0.019417475728155338,0,NA,NA,NA,NA,NA,NA,NA,NA,NA
139,Salem city,6,0.41428103259082216,1.5384615384615385,1,0,0,11038,24802,0.3612446243359474,0.1411586137111055,NA,0.052365292183152036,0.0010118897040222615,0.021249683784467493,0.12547432329876043,7.589172780166962e-4,0.7513281052365293,0.047811788515051856,0,177,28,0,0,0,10,0,146,17.514124293785315
142,Poquoson city,2,0.17991894791579566,1.8461538461538463,1,0,0,11109,12150,0.1972757162987318,0.07937999060591827,NA,0.028651949271958667,0.004697040864255519,0.01925786754344763,0.007045561296383279,0.004227336777829967,0.904650070455613,0.020197275716298733,6.5,133,14,0,0,0,0,0,118,11.27819548872181
143,Manassas city,4,0.5465952603659054,2.3846153846153846,1,0,0,13127,37821,0.6180306905370844,0.06611253196930947,NA,0.6424552429667519,0.003964194373401534,0.03593350383631713,0.10741687979539642,0.0014066496163682865,0.15920716112531969,0.049616368286445015,0,225,67,0,0,16,23,97,72,68
144,Manassas Park city,4,0.5719562080753471,1.8461538461538463,1,0,0,10972,14273,0.6102605425731936,0.08004297609454741,NA,0.6193929626645178,0.0016116035455278,0.058823529411764705,0.09669621273166801,5.372011818426001e-4,0.16948697287134032,0.05345151759333871,0,121,48,0,0,13,11,56,38,68.59504132231405
202,Colonial Beach,NA,0.5426513671875001,NA,NA,NA,NA,11669,NA,0.5140625,0.10625,0.5294117647058824,0.03125,0.00625,0.009375,0.2109375,0.003125,0.6328125,0.10625,NA,27,20,0,0,0,0,0,17,37.03703703703704
207,Westpoint,3,0.4628903880220342,1.3076923076923077,NA,NA,NA,12898,NA,0.33620689655172414,0.25862068965517243,NA,0.05295566502463054,0.008620689655172414,0.022167487684729065,0.10714285714285714,0,0.7167487684729064,0.09236453201970443,NA,49,0,0,0,0,0,0,43,12.244897959183676
218,Virginia School for the Deaf and Blind-Staunton,NA,0.6963223363980531,NA,NA,NA,NA,NA,NA,0.6395348837209303,NA,NA,0.16279069767441862,0,0.08139534883720931,0.3372093023255814,0,0.3953488372093023,0.023255813953488372,NA,NA,NA,NA,NA,NA,NA,NA,NA,NA
917,Dept of juvenile justice,NA,0.421972401300016,NA,NA,NA,NA,NA,NA,1,NA,NA,0.13138686131386862,0,0,0.7372262773722628,0,0.13138686131386862,0,NA,NA,NA,NA,NA,NA,NA,NA,NA,NA
NA,Fairfax City,NA,NA,NA,1,0,0,NA,22565,NA,NA,NA,NA,NA,NA,NA,NA,NA,NA,0,NA,NA,NA,NA,NA,NA,NA,NA,NA
